AqRKczkXVOk, 【DIY】テレビボード作ってみた！スライドレールも簡単取り付け,26,UCvywSNiyjVXNtQCAvL6oSyQ
cUM_Ipb1FiA, 小物作りの七つ道具　手作りミニアイロン台 My tool for DIY　手作り道具 ダイソー、セリア等で買った道具,26,UCR6CQjFdbcJcrmbQmRkzWGQ
vARBTx-NAZc,【100均DIY】ゴミを使って作る！？お洒落リメイク缶を作ってみよう！,22,UCJ9KgnlnZdjjCPaqUGa12rQ
6egeYJNHjOQ,さしがねの使い方／基本的な使い方から裏目盛の謎まで、そしてちょっと光る,26,UCdW1HrIvtKohdcYbzfvOcAg
2p5uzCmluNE,【DIY】Huawei P20 liteのディスプレイパネル交換,26,UChtxWBYTauhu1pA5RH9MABQ
RMsG31vBstg,[即効] ネガティブ感情を３分で消す５ステップが凄かった！  |しょっぴんVlog206,24,UC1kk8pmQ3Rg5DZtwOrpFDMA
3ETIOsTMikE,【100均DIY・折り紙ORIGAMI】可愛い小袋の作り方#20／How to make a pouch made of origami,26,UCr4Knwn9zc6fBbdWjksKXZQ
jnBDJrUv2gU,トリマーの基本的な使い方【準備編】ビットの取り付けや集塵方法は？カミヤ木工のDIY家具教室,26,UC7EH_WSlrmV6lXp91KAUPCw
xdI9CQkT2ls,うわっ…、私の家に人気YouTuber「カズちゃんねる」Kazuさん…？,24,UCLVkr1YnM_DdWtd0ZdWzqQA
SuaoM39LraU,ケトルのたれ防止アイテムの製作動画　【DIY】　スキッター,26,UCvnMZHRYgdBC1jksbj9BCgg
IUJJOuRuSsE,グランビルの法則【3つの重要ポイント】,22,UCEGfw22QZLhHrtp4DO_d6wQ
j6fCxeFgHjE,FX土曜勉強会《16》チャートを斜線で征服する,26,UCWsJsG1wJyO2BydSGqfAmRA
rAZn4Sv0wYk,【アリゲーター】トレンドの方向を見極めるには？困ったときのインジケーター活用法②/ FX-KatsuのスキャマネーFX _vol.54,22,UCsgXnIjotU6blMG-jsFq1jA
jBh14WTowLI,維新の介に聞いてみた　17,26,UCGNd0qq4DC3fNVKbj6g5WDw
_2G5V0WkrzQ,有料サロンになんか入るな！養分になってカモられるだけだ！！,24,UCC9SB7UVkUvmF7tXTXs0umA
kParm3tQJXw,【私が負け続き⇒勝てるようになった方法】FXの資金管理・メンタルのポイント,26,UCDRGBNIAvHMUzyE0tJzy84A
tPJ8EyV8w34,【自動的に、大損】してしまうカラクリ　収入と、セルフイメージの深い関係とは？　ゲンさん・７,26,UCbGpIw5LmPNu4nSWqlaiu7g
kLSQ3NvCESk,［FX］コツコツドカンで負ける人の傾向と対策　※2018年9月24日,27,UCA2McdYJLbD4IAQo0wLWOUQ
tejnjvO94Qo,【一撃一億】FX＆株の夢叶いました。,22,UC8LyhlRFzh7h_w_eP081rpA
v7sohjXgPjg,【身長178cm】高身長あるある【現役女子高生】,22,UCoJVeahgt7K3eOjA3i6h0Yw
MuRiR1F13Rk,【暴露】18禁な質問コーナー！,22,UCL-_j2-wVsBWdzPjWrm9fOA
fIaXCPrtk-k,【赤ちゃん】はじめまして娘の○○です。,22,UCiD9NreGQb2zosj75gIYHsQ
g4sXQkqXc9M,ウザイほど彼氏ヅラして、ラブラブなデートしてきたwwww,24,UCmmQu-bwQOnNjO9NtBtp18Q
p9mSGkgns6s,【ゆっくり実況】ネクロ一筋が語る！ネクロの立ち位置はどう変わる？ナーフ後環境考察【シャドバ】Shadowverse【シャドウバース】,20,UC6UKhA0aoWkApbv6tGMW7RA
n_-5eTLp2jA,なんきんペッパー『なんきん☆超錬金』（Official Music Video）,22,UCd76jehBlSyQs_lwN7cLBag
0G0bv-8PGSs,獣電戦隊キョウリュウジャーショーｉｎ新潟　みんな集まれ！キョウリュウジャー,24,UCQpUMqmxV7gOypEYZjXapMQ
46yJsvufsac,【プリクラあるある】だって可愛く写りたいやん？,22,UCElrU4ZeDojoVv8hg3gDQOQ
TcILq2fkg5U,【マイクラ】今日から毎日、マインクラフト実況投稿していきます！【おこぷれマインクラフト#1】,20,UCq_02aEt_rFXFaAzzgdgfZA
XO1GceBwcdE,【メイク】じゅりぷぅの毎日メイク~Everyday Makeup ~,22,UC6b5KGpk0gezo1bN7FtKbOQ
AqKtlQ75vrg,【原宿】か弱い女の子と二人三脚で密着デートしたら愛は生まれる？《フワちゃんコラボ》,23,UC7P-6rjD76jNeKrd2o6ZwAw
4PZ-ILJLrNQ,【한일커플/국제커플】왜!! 일본인은 답장을 빨리 안하는걸까?? REAL TALK!,22,UCKJom6BqhteuD-Jk8FO0YTA
QaTG8WGjP3Y,#9 ☆★☆★彼女と協力してスペシャルスターに挑む！伊織とあんの「New スーパールイージ U」☆★☆★,24,UCMgVPkZeKgLrenc6Z7TP--g
ij9EzOsScS4,【第5人格】のんが“Pretender“歌ってみた【Officiel髭男dism】【IdentityV】【アイデンティティV】,10,UCeHMI9HfINaDivZWhxodMeA
EpFePxspKJ0,【女×女の夜の○○】レズビアンってこんな感じ！みんなの知らない秘密を大暴露【エルビアンTV】,22,UClH_ehDxtilGzg2b28stZlA
MsHvqSTbiW8,【検証】挨拶何回間違えたら彼氏はキレるのか【これが本音】,22,UCtfzTbim1huJYxg2Fcu8Wkg
PR_6YyoGHLw,自己紹介＆質問回答コーナー①,24,UCJYIAwK3Hanpq0hLurWHuTA
0bobJwaRx_k,彼氏のピアス開けようとしたら大惨事に。。。【閲覧注意】,24,UCM34OQC5uexssoJCLoPEU6Q
p4518bQQlkg,【TDS】彼女に内緒で欲しがってたモノをサプライズプレゼント🎁した結果、、、。,15,UCV6E6m_WZZpLIcOKU88dGVw
ZEQaAF6xogQ,YouTube１周年！始めたきっかけは？/유튜브 1주년! 시작한 계기는?,22,UCIZX_W0AHnO605qbRO_sqMg
Wzh7xFWIgBs,▼ カップルでポーチ交換メイクしてみた〜♡！,26,UC3BFuS7uc7kv4_ss5WRvG9Q
__7hAzP7ZCw,俺の実践！第４０８話　CRキャプテン翼を打つけど全力奪取これが俺たちの答えだ！,24,UCJ6NXuUoYLyyuNYTwkmgZtQ
4Xj8Q0y80fQ,なこなこカップルが週1で泊まりに来るからプライベートを晒す,24,UCoWXtx0aMvYILywj9IdmV7A
-lhTAFZT12g,パワプロ2017で選手を増やす・コピーする方法,20,UCg1xy0VBuzAabhmPpTPkvxw
O5sxNwdO_d0,【KOHEY】入れ墨ゆとりヤンキーにタバコを欲しがったらガチ説教された。未成年喫煙ダメ絶対。【KOHEYコラボ】【ぬーん】,24,UCgMckbqaWnWhpnUqH9Kk0BA
ydjsVyGZsV4,장거리 애인에게 불러줬었던 달달한 명곡 Lost in Japan full ver 선물로 드려요🌈,24,UCZVrCjdAZ6cERcaffS5i3rA
TjtPa-TILHQ,日常の中で自然にドッキリかければよく分かんなくて怒らない説,22,UCHxCtqdECaTfbWTxBZpWsRA
d4umMSrtlWs,【ドッキリ】韓国人彼氏にに指輪無くしたと言ってみたらまさかの...予想外🇰🇷 【日韓カップル】【高校生】,23,UC1S5CAgtDf_X48kPmOSOKsA
pMLPsJqSh5s,【初期遊戯王】最強！！ペンソル！！【初期カードで対戦してみた】,20,UCIF_T3dbs4VUQoteYUhMnFw
D0b0c8XGc9Y,日本人彼氏の そばで他の男と電話するドッキリしてみた! 일본인남자친구 옆에서 남자랑 전화하는척 해봤더니 반응개무섭쓰..,22,UClcx7IWIryK07MuRysWxcGA
Aw3yUU0B1fI,韓国語話せないけど韓国人旦那と韓国語だけで話してみた#2,22,UCqhop789NWsj-a_uQ7fwg2w
Z8RYCGR--00,【一日密着】夫婦YouTuber嫁が居ない時の旦那って何してるの？？？,24,UC4IJ7eqYmHrB18PtI33ThRA
cplP9Yd87Xg,貧乏ゆすりをされても気にならない猫（面白い＆可愛い猫）,15,UChSeUO3lEdSbzwFSW0qXimA
qDZtj1GdjXU,韓国男子がメイドカフェに行ったらヤバかった件...デボちゃんと夢のコラボin秋葉原！【日韓カップル/한일커플】,19,UCKjhSX8WVKgppOleGMnubCg
glyacqX4v7Q,Bacouple VS Can Your Pet バカップル対ゲーム実況,20,UCUXLiFJcHU_Nn_601pi4zjg
fQtVo4rv01k,【緊急速報】ターボ建築が復活!!意外と知らないある機能も追加されて最悪すぎる...【フォートナイト/Fortnite】,20,UCr_npD26N4uLxSxKI1FYWEA
ygSxYc1bLLs,前編: IKEさんぽ！・ゲイカップル Let&#39;s Go to IKEA! *Part 1* (Gay Couple) (#69),22,UCtaEOv3o5czGO93iCkJKtTg
OTKV7fSF9lA,일본인 여자친구와 싸우면...? ㅣ 한일커플 브이로그 Vlog,26,UCxKpW1X1c7pDBDlPvQjxYkQ
8MXeyGwn_U4,もるさんに寝起きドッキリ大作戦!,23,UCQZT4xDNobCHGHOImXn1P1A
1Ra_c44Vdck,【ヤキモチ♡】元カレより嫉妬するアイツとは!?【イヴイブカップル】,24,UCTzbeGE9YyMWMbEkSLvMMCQ
K8fjABIohd4,絶叫マシーンに何回乗れば克服できる？,26,UC0gj0gccneNzqFnWJzYthFg
bdT_uYllx3o,日韓カップル婚姻誓約byうかるか,22,UCjnq13siq2C1HatKjVatAZw
98gppiyILYk,イケメンくんとポッキーゲームやってみた【BL】【ボーイズラブ】,1,UCUujrzGEQhYmevPXYwYK1JQ
1OfGUULdbQo,彼氏彼女の経験人数をこっそり暴く方法を見つけました！！,24,UCvjTA7vZ-4xK7eb295apDOw
1QgDX1c4Emc,Vol.98 浮気したら殺しあう二人,24,UCVPfGdxXPj83_v7jJXdPDLw
kKg_9t7_wY8,これで腹筋割れます / how i got my abs,1,UCE7zzxNZZXC2gg2sq9HrTLQ
dXjrT6NQ5Ek,【くれまぐ×だいたぴ】あの大流行したゲームで自己紹介のはずが...【初コラボ】,24,UCNez7hv02fo1Zkq1qcGaFCg
qzG9KJGEkYc,僕の、彼女について。,24,UCySfIDBkBFIICu4Bm0qwtSA
godyG56curM,【ゆりにゃ】韓国に○○自販機が！！有名なピンクカフェ♡ホンデデート日韓カップル【インスタ映え】,22,UCb6kVPLro2mGj2NoamyOFGg
Void7lBN_Vw,ボロボロの子猫を保護しました。,15,UCbIC3BDRk_vOjURQquYnclw
mnUXjzCCuXs,10月購入品のお気に入り紹介！【October Favorites】,24,UClTTsCLRF7JNM7kHIehEObw
Ufm1g8d1gFo,【キャンプギア 】【ククサ 作りベランダでハンドメイド】,26,UCEqIRJy0qruvbBa8q_QBGiQ
xukVXix1uOo,坊がつる探険隊 -前編-【バックパックキャンプ】,26,UCxAdtYC6sLNRfmmQ3tgLAag
axpYA1qkz2E,結婚式ムービー　自作,22,UCIniObvwhmk9qvXutAcY1nA
Rx3x62WzyPE,【ソロキャンプ女王決定戦】行ってきました,22,UCa8NcHKVcocxcVmn2A-UZTg
-eOgJ2Hi4RQ,【軽キャンピングカーKONG】後部座席はソファに出来るのか！？,24,UC8JfoNm0TVHI8L1vjVfEclA
zYMjgcOMorc,【ダイジェスト】公務員辞めて世界を旅したらこんな人生になった 19歳～23歳,2,UCjcHf6LsOZ89auVoYkpW4Vg
FF7bRkRldwU,バイクで旅する理由～ソータローの動画紹介・バイク編～,2,UC9XghFTmpUrBF1-XkQhmWOg
ympR-3dt-CA,このグロテスクな花、食べます　熱帯雨林で遭難＃２,24,UCM2CkD6ctJ83hlyR00EV-8g
ZawX3nxNLaw,曽爾高原,22,UCBK1vCYK3TQIG-Mz7GBkvZA
bIhUT-PcTCY,【アウトドアファミリーメモリー】 パパさん&amp;ママさん編,19,UCmB9_0A8mEuHKrs2rLE999Q
-dmcBpk7yzs,【クラロワ】2.6ホグ生マルチ！対ゴーレムの立ち回り方,20,UCGA5pes1Jak8iHMFLPPn8lQ
zKtvOJZA-Uc,【クラロワ】手札把握をして綺麗に勝つ方法を教えます！,20,UCbHMJ5LA7N4a7-0752mOTMw
fJgs6xGtUV4,【クラロワ】絶対知っておきたいトルネードキング起動集！これさえできればプレイング激up！,20,UCaK_VvpNCTb9aQMQ0dCFioA
sL53oGqxHEI,【壁男】第1回落ちたら即終了ボルダリング大会,20,UC7fNaSMYW29jHQmYZgZ5rkA
KZBSSbzJVjk,【クラロワ】もしもクラロワリーグの実況解説が『えこひいき』したら？ww【ドズルさんコラボ】,20,UCeA0fcfLVewbuD7H5YsrpdA
zWaJvhCWY0c,【クラロワ】リベンジ!!更なる進化を遂げ、夢の天界到達なるか！？【トロ7000】,20,UCjsP_fyvtsTPkM1FQMO-0ig
yinxzwIXPd4,【BGM】ついに完成！isaporonの新BGM,20,UCQXos0KacWFa0OE60acKT-Q
TVIiXl7xfEE,【クラロワ】みかん坊やのドラフト宝箱 勝手に選んだったwwwww【ドッキリ】,20,UCuWd8brzerR9XQr7RgFgpyQ
82sBATf8jKg,【クラロワ運動会】自給自足！！体を張ってエリクサーを生み出すロワイヤル！！,20,UCQ5_VaRyKndaw4m2gwpdnBA
h-BFIQNtnfw,【クラロワ】世界最強の日本人のアノ男と！ガチBO3で対決！！！,20,UCQ5eGmKP2LMTOXgfq7NDPIw
RwCxlMIx9i8,ロードバイクに乗るなら絶対覚えておきたい！【ハンドサイン講座】,17,UCfYYRI0SNHmKw2Zm7yn1nEQ
_1SMBNCYFlo,【クレーンゲーム】めっちゃ取れるwホテルのゲームコーナーで本気で遊ぶ！！,23,UC75SLkHaNsW8RyYADrx1vKA
qyPN440Xw-g,画期的！英語を話すための◯◯練習法がスゴい！,27,UCze04LzRXP8W5XZ1JKi4JXg
3X1ujmCGoGY,『Do you』 と『Are you』の違いを簡単な言葉で理解する！＜定義が分かりやすい！＞,24,UCnEi7lDunUdVaHABvS-S3ag
xJI6c3alY60,【ROUND1】クレーンゲーム完全攻略2 ラウワンで実践的に使える技！ 14連発メドレー  UFOキャッチャー,20,UCGHZVXzhG0uSqVVCWCOjhOg
1na9eppe0WQ,【史上最強の神回】ゲーセンに存在する全てのクレーンゲーム（大型確率機）をやった結果・・ヤラセと思われても仕方ないレベルだったｗ【クレーンゲーム】,23,UCV2hRel5gY1cTn5pWTATZfA
21zSudswdu0,【UFOキャッチャー】アームが弱くてもコレでとれるんです！！【確率機でぬいぐるみ攻略】,24,UCTpCryz1jUuITM4Ccz-hlWg
tbAcZw5f7OY,（全力で攻略）初心者必見！アームパワーが弱い時はココを狙えばとれるのだ！リアルタイムで攻略中の現場公開します！（UFOキャッチャー）Japanese Claw Machine,20,UCQkDTkaaFIUckWijmlY97TQ
ihQbeT7Eszc,【簡単】漁師結び（完全結び）【強い】釣り糸結び,24,UCJrbPTXRG4ekPBysgK8ctxg
-h2aw59wYEc,UFOキャッチャー攻略！ラウンドワンのぬいぐるみを安く獲る方法！【4K60P対応】,24,UCZGH_3se7UFLOeAVEyllLVQ
jkKyTabLB6I,餃子200個 大食いの未公開シーン ドラコくん敗けてキレる！？,24,UCr-nQp3dkDNvUzFSJwKJbqQ
7yoQc3iHE2k,龍が如く 遥がヤクザにブチ切れ！[コメ付き版] 遥とまいのこんなんJANAI,20,UCLJcut2UqwbWuGtY9K8jY8w
dPteP41iwBY,第一回パトパトチャンネル人気投票記念PV動画【パト】【ロストワンの号哭】,24,UC7DnxuEMqAwPpdCNIgN6qUw
k2-TSA16vL8,【EXVS2実況】星20まで乗り込んだ最強のイフリート使い！世界最強のブッパを見よ＃イフ改＃エクバ2,20,UCeRCFGJemXVHBcS6k5oUc3A
SiFlF9c2xMc,【サイレン】そこにいるだけで怖い【第49回前編-ゲーム夜話】,20,UC-HNwUxGklhKSe67EitgqgA
gtik-zTrmRE,【ポケモン】ウッウがピカチュウを加えてくる条件とは・・？,20,UCtf05oKymfhLyWV8m8cPdXQ
DxtE2-GIebw,♯13【PS4 日本語版】仲間とﾜｲﾜｲ！ GTAオンライン（ グランドセフトオートV オンライン ）実況 【ポリスメン＆ウーメン】,20,UCBqlbkelxtmrTCRTVISuzEA
dfyTZfCVLOA,【受験生へ】ファイトやかましく歌ってみた,20,UCSkLRGGIGKOtinamhcy_42g
BrvI7bfuR_A,【海版マインクラフト】アップデートで夜が来た!イスや机も！無人島よりも過酷なイカダ生活！凶暴なサメに襲われるサバイバルゲーム！【Raft 実況プレイ】 【ラフト 実況】part1 #1 一日目,20,UC5SLwSy0IKILccJV7F5s22w
IJSDnCawoxk,【神回】エリックの群れ 実は有名ゲーム実況者だった 【13日の金曜日】 #77【ゲーム実況】,20,UCDcWYicoMF12hveMJc6ZCOQ
VooUiblNiio,【BO2】脳筋女子のFPS実況 :Part16【えれ子】,20,UCh3WdT0QIVKb2OUYLKH-wtg
3UJTkpPmx1Q,[GTA5]　俺の車は??ｗｗ　クルーメンバーとジョブレース!!　クルー　Jobs Racaes Part 20,20,UCJLOkKTCl_f_EVwyw9aKc3g
RvUW0lcfhRA,【ファイアーエムブレム】 ～終章神曲メドレー～【FE】BGM,1,UCW9kmQ0im_m_dsGp3JPzgpA
Rur4GobCIYU,ドラクエ10 男塾実況『ガチムチ！ レンダ強　戦士３旅１PT』リア充への道,20,UCO7Iodt3zxqlucekR4CovHg
Qrtrziy9YUs,【PSO2】 バトルアリーナやります！,20,UCd9bYxSyl6O-PhdoN8EaKcQ
yloOy-CwmE4,【ゆうしゃの料理動画】ガチのカレー、作ります。【音声解説付きバージョン】,20,UCxZQ1RnERd9RpfedP5MLjZA
KGFP3S7Kjwc,ニーアオートマタ をじっくり実況プレイで遊びます！【ユニ】10,20,UCZbRLSAApsn0M3R-IO-2tjw
NWbN4LHHaKk,【PS4】龍が如く3　桐生ちゃんの危機にトラックで突っ込んで助太刀に来る真島の兄さん,20,UCe3ugQkyAd_Vv_uePDRxB0g
6yFefc-2RDE,シティーズスカイライン実況プレイ！雪国に白銀の町を作る！ Part 13,20,UCCrHwc8m3iy4yiW6_UvfZHw
KaZmBh0h7A8,【PUBGMOBILE】イエティを活かして道路の白線になった結果･･･衝撃の結末！！【PUBGモバイル】,20,UCBq8ahgQG7MBAMhlRh7_-2w
E4IgrX_P35Q,【H1Z1】強気に１位を取に行く!!【バトルロワイヤル】ぺこ実況24,20,UCYHwAk4qcBzn9aDXeBUwh1A
YaL9HGI0k4U,ガンバ大阪　宮崎県綾町キャンプ　選手スマイル情報　今年もぎゅっと握手してきた〜^-^（遠藤選手、今野選手、宇佐美選手など）　もみけん　【サッカー日本代表】,20,UCXWpVhX7uImdrBXaKhLkuxQ
q0xyrq0lb3g,【布教】ハカハカしながらダンジョンキーパー実況【VGA】第02夜,20,UCehU0fJ7DDpgCfa25XzU-aA
kQli6CdrWvU,#74【ドラクエ11】そして、みいちあは悪魔の子と呼ばれた（´；ω；`）【ネタバレあり】,20,UCrooewY7xEMi1N8l-Hh4dtw
6janC5o87CI,#7 『らせんの宿:07』Lueneのフリーホラゲ実況★,20,UCv8qIdyB8qG1-GKC33CZmnw
yejJW4nxZRI,【デモンズソウル】女子ゲーマー&#39;のあたん&#39;が逝く【＃16】,20,UC9jNoGY0zpSacWvvm-YKGxQ
zKrNktEOgsI,【ぼくなつOP集】ぼくのなつやすみのオープニングって何度見ても泣けるなぁ・・・,20,UCy6AtkT5P0bCMsr9qDFZa1A
qWGt--y2Lv8,【実況】仮面ライダー歴史改変ツアー　Part42【バトライド・ウォー創生】,20,UCY3RxnsOz3ySFVsty3bl4Gw
xiacxB4F52A,【スト５】新キャラメナト！立ち回りから超絶コンボまで完全攻略動画！【金デヴハメコ協力】,20,UCyYE3YdQJqiOCAeafnZgIkA
LCoqipbl7VQ,【魅せプレイ集21】エンジョイ勢の爆笑実況者による即死・魅せプレイ集【神コンボ】,20,UCtlAfOQoDvjyeqwpdtqo3Tw
FtAXLkaxxtM,【第五人格】強い人はみんな知ってる！４つのテクニック！,20,UCtEi6Pker29_kjkexx7WIBQ
rIIMTdIflgE,妖怪ウォッチ２　真打！フレンド対戦 黒鬼の壁役パーティで挑む！,20,UC8XekGrTKkNjde8qqjflMjw
4NXIGcheEaE,【FC東京応援番組(非公式)】☆アウェイ遠征☆清水エスパルス戦に行ってきました☆『俺たちの東京』vol.12　(コハロン),24,UCR4YbOvw3pjlR5Ksordt3WQ
U_Kp7hVuONs,Terrariaコンプリートを目指して…PART97 -Eye of Cthulhu Trophy クトゥルフの目のトロフィー-,20,UCU_UY3dtDVIVvntD_FkJLPw
RqkvE9ApLQU,【クラッシュオブキングス】告知とチュートリアルをプレイ！【ニコ生】,20,UC8q3gFOeMSxulwKagM5LLAA
7OmIfXh0l0Q,【DIY】タイヤ手組 KENDA KR20,2,UCsgsMSqXHDz-jCLgZJn7ySQ
YvKZpXv7W9s,【C96】クトゥルフ神話TRPGシナリオブック「傀逅」トレーラー【１日目 南ナ-28b】,20,UC04G5WzIZ2ieJT0JlZy4H-A
EGEtPZleMcg,在宅プレイ不可！ソロプレイ不可！新・超究極ケラートの仕様が酷過ぎる…,20,UCoJmAT5O8aFdV0z76Gl883Q
_HZSMGKkVaQ,#END【ほのぼの死にゲー】I Wanna Be The RUKIMIN!7アイワナ実況【ゆっくり実況】,20,UCq7u_vcSuFoNBFiaPx9gVxw
sUtGSQUE4Lg,【ゆっくり実況】愛犬のためならMinecraft　part22,20,UCjv7yjbRp48rtqDSCqaFisQ
HjRT9jBZ6_8,【盛らないカラコン】OvE全色付け比べ！大人女子にオススメ★,20,UCs6agLaHvsIazLfkwu1h6Nw
qnYOBo0Tm1c,ドラゴンクエストモンスターズジョーカー３ 【DQMJ3】 #６２　番外編　質問をまとめました。　ベホマズンスキル入手など　kazuboのゲーム実況,20,UC3K--RU8vNvVzx7X1Xp8lug
X3_gK1ro4s0,【Minecraft(β1.5)】マイクラで新世界の神となる Part:1【実況プレイ】,22,UC5d9GvEsdHUwJ__Vsk3FdGg
OVjfIzHvdDA,【ねんねのじかん】いい夢みてね♡　アンパンマン　しまじろう　赤ちゃん向け　寝かしつけ　しつけ　教育　オルゴール　おもちゃ　アニメ,24,UCvHyP4XLMfOklMVfmbhFoBQ
k6ebfS9buyo,【コメ付き】チャチャと一緒にモンスターの大きさを知る旅に出発！【MH3G】,20,UCUblMFHGO7Zxuw_IPlHM6_w
JTct7U2Kgfo,【11月クエスト】初見に優しくなさすぎるチャレ9。サクヤを黙らせるなんて許せません...【パズドラ】,20,UCqdOwN_r041upBwt6QqUV1g
0fugM_JyORw,【DISSIDIA FINAL FANTASY NT】総勢25人による大迫力の戦闘ムービーシーン　ディシディアファイナルファンタジーNT【DFFNT】,20,UCIrx7QvkoC2j8QjquPZLK-A
6I5hznwMBNw,SPECTRUM 2000 エンディングまで見せる配信,20,UCPrifqgoJmq7UgmRkZUKTJQ
C9FuaKFlaVA,一晩で村壊滅？！姉妹のマイクラがカオスwww【しまいクラ】,20,UCkPVMV6rbgfB7FO0IKpsNAg
9XlLKkAz_wc,依頼を受けて、変装イーガ団に鉄箱とかをぶつけたのをまとめてみた,20,UC_XC3c0Tg22u9ZMhi7fTOKQ
8MxUksPenec,【人狼ジャッジメント】モブ爺とともに6人も消える！？その理由とは・・・,20,UCR4H33La4BdesMOMU3fuH2A
listFIfjMxY,"前編【いやぁwスマンスマンww】殺戮の天使Episode,NG【じんたん】",20,UCcaSyHHCrZFGi8_vRNiZmYg
6oJmloWF1Mg,VSキン・ギン、ウバウネ、泥船ヨーソ郎！Bランク以下非ガシャ限縛りでリクエストバトル！！　妖怪ウォッチぷにぷに,20,UC2u_-O-8CGG3RubE6Fx5ixg
1OMC8YxLBRI,ペニーワイズが任天堂キッズにSwitch版フォートナイトをオススメするようです,20,UCtVwH8ESB4UMNgDsjWUXDsw
7gM7mCbw4I8,【PUBGMOBILE】排出確率0.10%の特殊スキンを活かして戦ってみたww【れいしーまがれつ】,20,UCrfZDNPdTjff8quLyZOnzxw
oHwzfwYjcCU,【提供】イイコト研究室に行ってカンボジアの孤児院に支援しよう！,26,UC27lbc-Chh0aok6V1f5UElg
0w9JRlV_ICo,カチャーシー、踊り方、動画。｜僕が教えます・・の巻き｜,22,UC6jb9ZW92VA8Lx6f37QHDzg
2gCPf_fVQus,【萌死】ノーマン・リーダスと津田健次郎が温泉で歌う「いい湯だな」が可愛すぎた件【DEATH STRANDING】,20,UCKEUwnF-h0VwDjKrJvd16ZQ
XlpB8yKcTGU,【モンスト】モンパスガチャ！まさかの事に思考停止しました【モンスト/よーくろGames】,20,UCdXwCarzncJLdduID8St8oA
yXV0lX8BW6Q,【虫】クワガタ：Kool【実況】,20,UCklZRunxzYbxlfsVjKw1vnw
VrOOigt76K0,Survive Said The Prophet - found &amp; lost | Official Music Video,10,UCZeseZDL_lAGF7ekWVITdbw
1m53lVsc2As,&quot;Beautiful Flight&quot; / performed by H ZETTRIO 【Official MV】,10,UCn-CFRcCkp03U8Xw0_XufdA
jBWKKmfekNI,ウルトラマンFE3 ～ウルトラセブン編～,24,UCM_CkITvT6YmMm_9mSPGg3g
_rshXhIsqCM,【one hour one life】長年被ってた帽子を脱いだら毛が無くなってました【OHOL】,20,UCpONKlVEdkBeKsE1hlPvrfg
hOMQNH02ezk,- Meditation of the Holy Moment （聖なる時間） -,25,UCWQ-PP0FbSMmwwu1-1GXzAQ
qb3SWrsxtX8,【DbD】高ランクレイスと発電機5個分のチェイス【実況】,20,UCz0aC9z3kXruRHULDqFRuVA
Ms56LrPpxbo,VSオブスキュラ　タイマーを一度も止められずに勝つ方法(ムービー内で一回のみ)【サイコブレイク２】検証　実況,20,UCkIndoFtfnkfiaduy94rK5Q
umvzMJjZ2xI,【ポケモンSM】初心者講座！ポケモン サンムーン実況プレイ！Part1 【シンクロケーシィ厳選】,20,UCPfJisP85wKhzK9Lv3pQLRg
XLu0DnOuCIM,【ゆっくり実況】人狼＋FPS＝神ゲーでした【Deceit】,20,UCO9s2_k1KMrGFU9SdpybE3Q
S_jLFweuOWU,【Cod】フレンドにSR勝負、申し込まれたの巻。【bo4】,20,UC4X6IkoRWN_1YzXske2vOVg
yTx4e2KVR98,【質問コーナー】めっちゃカオスな質問全部喋っちゃいます！後のことは知りません！【クラロワ】,20,UCfv_0fsUP1M9fW7BreAxfgw
ylFXB90UhAU,【VLOG】ワンコと一緒にお花見ピクニック -カートで行く徒歩ピクニック 道具紹介-,19,UCuPsVydyn0TTfD7lWFlGPNA
HJD4nkAxWwY,慰安旅行の行き先、くじ引きで決めまぁぁぁぁぁぁぁす!!!,20,UC55Ugnz0PjMsfyZ1LCFDZTA
wMphq8UbAAc,【バカゲー】超ジャンプで宇宙まで行けたｗｗ【スケート3】skate3,20,UCKRxSVu3yZPqL5jGfKydQLg
BhWFc4nNp50,【豆知識】握力測定で高得点を出す方法！（sutekus握力計）,20,UCa5WCGUoJs2kBN6vsfzIPGA
TubhDR9gkHk,【シャドウバース】クリスマスの守護者・ガルラ【Shadowverse】,20,UCpSWFO-epxZf1QP_aXlOmfw
IrS-I7b3gaA,【プロスピA】オリックス純正強化へ勝負の自チームミキサー！！泥沼か？歓喜か？【プロ野球スピリッツA】,20,UC6S93YtDb9gpgwWwW66QkBg
VX9-pubnXc8,知っておくべきダイマックス豆知識８選！！【ポケモン剣盾】,20,UCetEs6o8HO-YokD7nEjFWmQ
idが存在しません,titleが存在しません,29,UCEvL0ggoGfRgvbyO-9xoEfQ
RCZ1S6rIXHc,【オリジナルゲーム】コモラの見斬りを作って遊んでみた。,20,UC5fwtXKwDpgboOud4DbjQTg
dhD_4aLj7nQ,【スタバレ】#1 会社辞めて牧場主はじめました うえまさののんびりスターデューバレー実況,20,UCIBDdDXnViOgN5tCpfX7NOA
dEP-2NlhqIE,スプラトゥーン2【小ネタ集】意外と役に立つ小ネタ集をまとめてみたpart6,22,UCqQnFXPPyh6weqLnX_cDiDg
R_lDqwPHFN0,ピザの作り方。フライパンひとつで生地から作れます！How to make a Pizza .,24,UCN_eDjgBKaLsFKzdX5d8cPQ
mgptcpyOSCQ,【アニメ】勇者とキノピオが英語で呪文対決wwwww【モノマネ】【スマブラSP茶番】,20,UCuSRzuQayUyETYvmE-78eVQ
uejO9q5AIsY,【FF8】球面ワールドマップの謎,20,UCnStOsaPMYQ5b4m3oPMkyFw
sQhw-fpyDN0,MINECON LIVE速報！ネザーアップデートとバイオーム投票の結果！ 今後のアップデート情報,20,UCxqhKDaN7o1-Tm2_iDeYpFQ
Kvi-r-KN4so,無事です【すみす】,24,UCwLRAi9MWJ5A1dIK_IydqeQ
B2hc0tFOPqI,【替え歌】恋するフォーチュンクッキーで初心者フォートナイトあるある歌ってみた〈ぬいさんぽ〉,20,UCRoRYhc3uYItHJLfIyzVI8g
dKCoMNtvG0w,輪行マイスターに聞く、ロードバイクのチューブ交換のやり方,24,UCCeVBBMeBBnDhuHrPGpqkyA
zMe4ngFumPM,【デュエマ】5000円の超高級デュエマオリパでロマンを求めた結果…！【開封動画】DuelMasters 5000yen Premium Pack,24,UCVSoBUZnJDdubrg-wDorz2A
cggzGjk4WOQ,友人と ファミコン 任天堂 の初期作品で対決してみた！(FC),20,UChNaxK2B0Lq07lnOw8yMZ2w
M8f3N7IBR0g,【スプラトゥーン２】フリーズ事件その後！どうやって治したかのお話。,20,UC8SVioaEftngk5RRL08_o0Q
D2SwHpb1Pn0,【狼ゲーム　ネタ】小宮チエちゃんが大好きになったしゅーやん。紙芝居感覚で見てくれたら嬉しいな(●´ω｀●),20,UCb-GZ7Epz3FAsVfaqQy_PjQ
aM1ONLA-DqE,これで完璧！イヌでも分かるルキナ使い方講座【スマブラSP】,20,UC0AWdMS6iB6JueIMpQhXrvg
DsT1lqcbPSQ,【PUBG MOBILE】投げ物をピンポイントで落とすコツ！グレネード、火炎瓶、スモークを使った高ランクな投げ方や勝てる立ち回りを初心者向けに解説！【PUBGモバイル】【PUBG　スマホ版】,22,UCKslQUJZXmekupZ41L7ByoQ
Vp6i9z0IBIM,バイオハザード7 ツッコミ所が多いクランシーとマーガレット,20,UCVGNFoZS_LDL_wNbMzJSkIQ
G0HYdETd3eA,#70【ゼルダの伝説】あなたは全問正解できるか？ゼルダ○×クイズ！！【実況プレイ】ブレス オブ ザ ワイルド Nintendo Switch,20,UCO97sHrKMHvQSUbCUZ6hj6Q
fWBnrjulx0I,一般人とパズドラーの違い【パズドラ】,20,UCqeQfzy5ITXBdsjbwKH9b1w
cViUZEAd-wk,#1【4人実況】メンバー4人で大爆笑Dead by daylight！【STスタジオ】,20,UCmcDslUdKX94z1FhVb9MLhw
Dj3UjhtEeok,＜ガンプラ初心者向け＞水転写デカールの貼り方,26,UCy2PGJXi1P6t5MDbwhg3mSA
QaLJd6-M8vE,【マイクラ】PS4最強のエンダーマントラップ作り！過去の検証をすべて活かした英知の結晶！　パート856【ゆっくり実況】,20,UCKBMaN38UeqTP30qnOnX_Wg
lwF6TcFBNlM,【WW2】クソエイムが頑張ってみた！,20,UCjWthOL2qhSJghqkmBYXmbA
vmI1hIgoNTA,全クリア後に手に入るスーパータイヤがヤバすぎるwガソリンも無限!?ドライブキット最速実況Part20【NintendoLabo】,20,UC3zvpj9UofluXwD33vAkTDw
wyYiTvKe9Bo,【入手から】レアポケ大量の裏技！この動画を見ればランク戦で使える育成済みドラパルトができます！【ポケモン剣盾/ポケモンソードシールド】,20,UCqxA-HyjETV2G6mC8dRprAw
ZKAjQhahxbQ,【モンスト】#18 (わくわくの実)特Lの旅✩【こっタソ】,20,UCZrNfxTgMiWTAjYdfjY_eJw
jbHfdfErLSk,#1【再実況？】3年ぶりに怪異症候群をニコ生で実況したがテンションが違いすぎてまるで別人！,20,UCgDGIBoSIYpzT3wVcJYDZxg
Jayf9inCsaU,【The Last of Us】ソーラの生き残り物語　その２,20,UCI0oeXnbeBR1-uIwSsJTP7g
aGvokBtu2_k,【Vol.1】竹永ウォーク　竹永物語【始動編】,19,UCbN_23MhGs1o7KTzQfcNCjg
WFmakcsbIpQ,【BF4】Ep.01－爆笑Montage【ゆっくり実況】,20,UCnG1zFJg7CydKRsx9NWt6zQ
8blLrdUGkpA,太鼓の達人セッションでドドンがドン！【エンジェルドリーム(むずかしい)】,20,UCGiOdwLM1p1-xLDYlU9Ql7A
Jw8lSogPmP0,OP 閃光走るメタルギアソリッドⅤ,20,UClpgAZCoIpHtB_y1tzuWmDQ
yN2avONsy44,【マインクラフト】もう俺、トレジャーハンターでいいや【実況】　part6,20,UC0vMj1sGXPc0rcZhEtrPmHg
m8tb1Dp6YRg,[マインクラフト]深海マルチ故の夏。34日目[ゆっくり実況],20,UCSRAnh9A6QqeUKWvfVQYu8Q
-Q0W1jk8UiA,【嘘つきりん】紹介動画,20,UCbxSxANedXagGpoELhWfFdQ
hNl39CdavGs,《ゴルフレッスン》自宅で簡単にできる練習方法！,17,UC1nZr3jQ4mEIKBNS8Am6rfg
4sIHNeSKSw8,シャフトがクロスする原因を客観的に考える,17,UC9a7cwlCF1lCS9sDeWeGT0g
knR725Lkn28,[貧乏ゴルファー必見]グリップ交換してみた,17,UCjMuyND6oF6GM1yAzAXCRbQ
WDts9Vzddp4,“初心者のための” スウィングの全体像をイチから解説【初心者向けレッスン④】,17,UCLyn8lfEdTvxblul3KBtc6g
wKuGC2T5DBA,脇を締めるってこういうこと！スイング時のカラダと腕のつなぎ方【藤井誠ゴルフレッスン36】,17,UClFsZ_xJfdRlEhf0FwQs62w
Jc8LERYAPOg,ウェッジPlayerへの道❸【ヘッドの方向】,17,UCG9x6K0UrF0F39kNru_Y0rA
fVpKKXN7-Wk,ハンドファーストで打つ！ダウンスイングでの右腕の正しい使い方【ゴルフレッスン】,17,UCJlBQzG2jsavzRnmU8L4awQ
JCRn6OOf9JA,パッシブトルクとは？石川遼も練習でやってる 勝手にクラブが返る動き,17,UCFakKpxhXJmI0uRhy-TdlNg
VfNk4q_wxqA,スライスを撲滅する！肘の向きを変えるだけで軌道が変わる  Fix slice ball,17,UCRfsDb3_HpuQfoYsE7lB2yQ
X2prtiYhmIU,【超重要】切り返しで左手を掌屈できない理由とその改善策,17,UCbWaBA3AmxO5bJrqBouc8vA
7POl-2WSTM8,【長岡プロのゴルフレッスン】スライスの原因と直し方,26,UC5579wa0cLaZW1I-ReXfqoA
I2FQqaVtUsY,僕がG1で教わったこと　バックスイング編,17,UCXUHHon19CW_coXF7HcHetw
zfFf8ghy70c,「ドラコンチャンプがオリムピックで驚愕の試打!!」武市悦宏＆GOLULUのJGFレポート③OLIMPIC編,17,UCrCymGGPkhhTuEAWhuJtwGA
qRN7ytGZzbs,等速スイングをが3つの悪い動きを改善してくれます。,17,UCV_wlFOVQBD7OF0lhpmdUXA
v4-IeaE9i-E,原英莉花プロ スイングドライバーショット,17,UCcFqQcSh5U4lkAU2QXHL6-g
35vtL3LqtKA,アイラヴユー - ハヤシユー,10,UCs_yGRr5ckfwMgKd4uve0VA
2swxNPajuZ4,NSR500 1997 Michael &quot;Mick&quot; Doohan - No foot brake,2,UC9VjEgfYtkU9eJrsm6w4niw
kP4pcLaq4H4,頭文字D【高橋涼介&amp;高橋啓介 夏の肝試Cだぜ兄貴！】,1,UCqvhrks2FtmCMliuwM8zN4A
gcEh0k1MD-w,【travel】NY#1　マンハッタン散策&amp;ショッピング,22,UCn3Q-KpSIQrg0AA7lUTWVnA
cby3NOO4LKQ,【ダイエット】1日2分お肉をごっそり落とす🔥【HIKARIと一緒に筋トレ】,26,UC8RtCkxfvHaC38ap-NpQssA
Oe7vrCjyMS0,【執念がすごい】最強のストーカー女 vs 俺【荒野行動 Knives Out】,23,UCz_rmx0e00_ECzogaLvupGQ
zeLJ6Na3rgg,〜減量について②〜,17,UCOWS7PfsCpH3k8uFl_YO5Nw
SZpUV-wS3jI,【美容】プロが教える小顔になる方法！＆小顔矯正って本当に意味あるのか教えます！,26,UCqAruhRLMuHxGTa-xs22DnA
p9mSGkgns6s,【ゆっくり実況】ネクロ一筋が語る！ネクロの立ち位置はどう変わる？ナーフ後環境考察【シャドバ】Shadowverse【シャドウバース】,20,UC6UKhA0aoWkApbv6tGMW7RA
dyCYyzsKn2c,【ダイエット】食べ過ぎた翌日のリセット法【過食リセット！ダイエット】,26,UC-5rmknSriFLUWFwE7glm7g
vuYfSY59ZHc,一日たった3分でできるお腹の脂肪を急激に落とす方法,17,UC4-KH4Uw5-YCfhAYj-gVqSA
Pd9c_tSeUIE,【脚やせ】ふくらはぎを細くするマッサージ方法【筋肉太り＆ダイエットに】,26,UC7kOT7mhjBzHv0hxDsDPUhA
KHdDckWRJ58,【TDL編】激混み40分待ちの持ち物検査を1分で入る裏技【超必須】,24,UCdwtebcOd4CfG4fKdlNsIBw
STaZT8D9Vjk,2019極超高感度白雪姫と七人のこびと,24,UC75Ds4lr7RSLVaWwEFt7xRA
Xn6O9pzcnjs,【ハイレゾ 4K 】 綺麗すぎる ファンタズミック! 2017.9.23 【東京ディズニーシー】 Fantasmic! Tokyo DisneySEA,24,UClGriAzCWNfVN8p5nz4fp1g
vTQdvqcqIVA,ファンカストさん❤「お腹がすいたよう！！」2013.3.13,24,UCwpm_G7IIp8M0vJCBPTFRug
tyKCV0W12yA,（爽涼鼓舞再び！）【TDL】雅涼群舞　グーフィー＆マックス色々なキレキレダンス,22,UCR3okOOcnkL6lp3puSxIl0Q
blf-gZHAa5c,トリックしゅきしゅき～！で抱きつくチップ【海賊グリーティング】,24,UCiS_Rha9HIkafneIimbWh1g
g_xu5BwWxkk,ドナルド肉を落とす（ミキカン 2019年7月7日 TDL）,24,UCdtadczAGFS5TdoWPVAnoLw
CRJvbZKDgtE,【タートルトーク】爆笑ノンストップ！名場面集,24,UCmlXOnadhtuofIseK12pu6Q
GqSgPvk4Anw,ミニーと365日連続グリーティング277日目〜お前髪切った？〜 my Disney tour day 277 I meet minnie mouse,24,UC3QqMZavhb5o-FmJNpVvbLQ
ODco_m7gECg,ワンマンズ・ドリームⅡ／ラス日・ラス回・ドセン映像（iPhone11Pro/4K）,24,UCygzpkcmkkJN4tAYoeAbt9Q
9REJTj9egKU,#042 組子細工職人 松林 啓介　|　明日への扉 by アットホーム,29,UCYlyxt5GafZd_sHPE3Dhc9g
vbONReVbEkc,★★ﾐｯｷｰMIX 爽涼鼓舞2013 【ザ・ファイナル】  TDL Soryo Kobu,19,UCwKl2IajP1wm4wU74pScR7A
GD6xRoRMnV8,ディズニーものまね50連発,22,UCXBeJIudcnZSWU4FeY3yePw
dOsYbOp3zdU,【オリジナル】45分の恋人【SAKAMOTO-P feat.初音ミク】　45 minutes lover　Hatsune Miku,22,UCXw_KILE6Klhtd2g5ttUiQg
B0PCE7EYpho,トミカ　Honda　シビック　TYPE-R EURO　開封,2,UCUXwV_N0ykbS4XfxgzuoZbA
hnZHJ49WCGo,Custom paint　カスタムペイント　ストーン調ペイント　やってみました♪,24,UCF-yrCQdRxV5mqNrJKactyg
0G0bv-8PGSs,獣電戦隊キョウリュウジャーショーｉｎ新潟　みんな集まれ！キョウリュウジャー,24,UCQpUMqmxV7gOypEYZjXapMQ
idが存在しません,titleが存在しません,29,UC6Dq163XILT9X5FJVZsTE1A
idが存在しません,titleが存在しません,29,UCtSsdVEtoyXsCDzeUNimyKw
gQ76WJ9oNSw,Tomica The Race 3,2,UC0xBOzi4VErC-C2kTNLxfFQ
4fvLO7tt5Nc,子猫と遊んできました。かとちゃんのお正月【かとちゃん】,22,UCA13Mz4KavXq2XqoSISf_eg
gQ76WJ9oNSw,Tomica The Race 3,2,UC0xBOzi4VErC-C2kTNLxfFQ
4fvLO7tt5Nc,子猫と遊んできました。かとちゃんのお正月【かとちゃん】,22,UCA13Mz4KavXq2XqoSISf_eg
idが存在しません,titleが存在しません,29,UCOZexr0WgeIYN10W3vjj3fw
YFEyYhazETY,はたらくくるま おもちゃ トミカの建設車両が石を運ぶ！ブルドーザー、ダンプトラックにミキサー車★カーズに変身してレースもするよ♪,24,UCYIlA7AUL_DFnXVM27kCLMA
iaxECIsemRU,モーニングアクター,24,UCXU7YYxy_iQd3ulXyO-zC2w
Z8TnOhIxN90,ECHO/赤井はあと【歌ってみた】,24,UC1CfXB_kRs3C-zaeTG3oGyg
GnDdFe5-u3g,ゴリラ×乾伸一郎オンステージ「Lovers Again/EXILE」,10,UC2hA-6M66dE2Tt_4xM8K9wQ
Aa04H3f-0ZY,20191003  クックパッドたんのほっこりレディオ,26,UCfeKtb0E5lBKIkAGlzzoZdA
idが存在しません,titleが存在しません,29,UCJH_UG6vN8fMZE7OH0BrkZg
Ci-t0VstIKs,【08再】市販の解熱鎮痛薬について話をするおくすり屋さん,22,UC_E8Gdj0G_JCw61VFjG5qLg
KfYi8b1BKPM,「真空ロジック」Full Ver.（『真空管ドールズ』主題歌）【期間限定公開】,20,UC1EsupKhsMNuw7InGoSnKdA
usdqwUEFy10,バーチャルYouTuber有栖川ドットと武闘家たち【冒険#04】,24,UCHb8IFQ1xGZTmt2rygOw3tw
Tk3fBo4zoyc,伝説なるであろう生放送事故だ！その１,24,UC2zuO8mkXTI5l-s6TL7uzuw
Y1fNhm-itLw,「プラチナ」アカペラで歌ってみた。,24,UC-UmUsocuVAxsKog3QonhpA
FtC9q4TuXRc,ダンスロボットダンスMADが作れませんでした。,24,UCGFD_8TRHhlpjfqGhLUSk4g
jNZdCi_ZM3E,バーチャルYouTuberでラップしてみた,22,UCuE6xoui7gZOTUiF0OtWWJw
O8v5S1nhKzo,【１周年記念】ダダダダ天使／湊あくあ【歌ってみた】,24,UC1opHUrw8rvnsadT-iGp7Cg
xjI_hD1zBF0,【自己紹介】真面目に自己紹介しま[手記はここで途絶えている],20,UCmM5LprTu6-mSlIiRNkiXYg
uyTk2YPIvhk,【BANクラ】大佐「そんな声で鳴くんだw」 天開司「こいつだめだもう…ｗ」,24,UCZYyhgoV314CM14zBD6vd4A
ZI3vAkSkl7c,い〜やい〜やい〜や／メイカ×イツミ【歌ってみた】,10,UC7-N7MvN5muVIHqyQx9LFbA
FGmYCkvWNWw,エル・タンゴ・エゴイスタ／nyanyannya (cover by 楓アキ花咲リリ刀也ギル),10,UC48jH1ul-6HOrcSSfoR02fQ
Gn-wIcBio6E,【音MAD】タマガツモル feat.ばあちゃる【アイドル部】,1,UCOefINa2_BmpuX4BbHjdk9A
nqRKUyUB7K8,【３D記念/オリジナルソング】椎名唯華を待っています。歌ってみた【椎名唯華/にじさんじ】,10,UC_4tXjqecqox5Uc05ncxpxg
iuwJiPX5zeI,【歌ってみた】おねがいダーリン - ナナホシ管弦楽団【もこ田めめめ】,10,UCz6Gi81kE6p5cdW1rT0ixqw
1ZW1Ohp3c1M,【バーチャルアイドル】アイドル部メンバー発表!!【ばあちゃるP】,20,UC6TyfKcsrPwBsBnx2QobVLQ
idが存在しません,titleが存在しません,29,UCGCb4Dts1uYtciya3wvd6dg
gX02QMHfmH8,【怒れてる？】ツンデレよくわからない【イオリ流】,1,UCyb-cllCkMREr9de-hoiDrg
6nGEqY-I154,【ビリビリゲーム対決】ばあちゃるさんとコラボ！ゲームでまさかの結末！？,1,UC1519-d1jzGiL1MPTxEdtSA
eB90el6Zb_k,【ラプンツェル / n-buna 】歌ってみた by 猫乃木もち,1,UC02LBsjt_Ehe7k0CuiNC6RQ
v2q0tvfx6xQ,Prologue_神楽すず,1,UCUZ5AlC3rTlM-rA2cj5RP6w
g1fxZKnniWM,【渋谷カフェ】つなげようお客様の輪第８回：雅まつり様【#しぶカフェ】,24,UCeK9HFcRZoTrvqcUCtccMoQ
Cu1P_OpOqpo,【怒ってる？】つんでれとはこうですか？【カルロ・ピノ流】,1,UCMzxQ58QL4NNbWghGymtHvw
BP7KM4UhGlA,【歌ってみた】花京院ちえりの音楽センス検証【アイドル部/花京院ちえり】,20,UCP9ZgeIJ3Ri9En69R0kJc9Q
GnLa1QuxJsk,パゲ美がもしも彼女だったら【ホワイトデー】,24,UCm_rSqgU2lFfjU1rn-uqbXA
lI861CIVGgo,エルフの伝承歌「シャ・ル・イース」歌い手アキロゼ/民族調オリジナル曲,24,UCFTLzh12_nrtzqBPsTCqenA
X7h2EgbeZUk,【替え歌】ロキをロート社員が本気で歌ってみた！,24,UCnDZwUFMzqOBcF3bjRfZD-g
GYYffH9M0PI,【人狼殺】狂人アーマーやああああ！ｗｗwｗ【人狼殺】,20,UCMpX1OT8T5iedyBKlnbqrIw
gccSJLDojTk,天目童心『lived:＞word』MV,10,UC7IyAJq03ohb0TpGqsFfPng
4VeCXCZRmlA,バーチャルyoutuber ポエムコア『ミソシタ#9』ミッドナイト・ファイティングブリーフ,10,UCctWfjgLUh1yt-Wdz6W4yFQ
9nl6aybuEnY,#40　【歌ってみた】未練レコード／いるはーと【ときのそら × 40mP】,24,UCQG5eRfno9f2rptcM6srQZA
6u5w-7y5MnU,知らねえ奴はモグリ/馬越健太郎,10,UC2jBqh7fCEPuTdpwKmxHvjA
SqrR64Cr94I,【埼玉03】応援ソング埼玉ver.歌ってみた,24,UCHccxX2p_9DB_HPnXSb2omw
24UG20Id1FA,ダンスサハナダンス,10,UCynHwUYnx8V0NJ9_pU-aAsA
RJr_HtnKcXA,あっくん大魔王VS激辛MAXEND,20,UCPH7d3YxfeH56FG-UyPAB1g
4VbaXVuSADg,日雇礼子さんが難波にある崩壊寸前の建物に行くよ,24,UCc5BawFmb7aNHck7HFtSKvw
tXssqcM6CRQ,VFN：ハロウィン特集,25,UCUzJ90o1EjqUbk2pBAy0_aw
wQ3KWBuu-SQ,【にじさんじ】宇志海いちごちゃんあそんだ時のオフレポ漫画【BANs】,24,UCMaXopOC-gQ_NFTkq7esf4w
j5nxQJSXoLw,【YouTuber史上初！】大量の〇〇発生で家が壊れる！？その内容とは・・・,23,UCBiqkFJljoxAj10SoP2w2Cg
Mg5s5I4LA_I,【怒ってる？】世知辛い世の中だし常にデレデレしていたい【牛巻流】,24,UCKUcnaLsG2DeQqza8zRXHiA
WezmreVcfZM,【オリジナルMV】愛言葉Ⅲ／もちひよこ【歌ってみた】,10,UCZ1WJDkMNiZ_QwHnNrVf7Pw
JAHcZQqrmP4,【Getting Over It】#1 忍者も山から落ちる,22,UC8QEgcJgjrJWy4B43aXxsAQ
mfN7CnSEXww,【TheForest】カキ鍋を作って食べる！,20,UCBi8YaVyZpiKWN3_Z0dCTfQ
flqqwhWXL-A,【LIVE】Poly Bridgeをしながら雑談16【鈴谷アキ】,20,UCt9qik4Z-_J-rj3bKKQCeHg
uN_k-t1CeDg,【DMに返答】視聴者との初交流がこんなことに・・・【#004】,29,UCSgheR9xOIcQjlkeXqIofLQ
3M6MAVMrOJU,【鈴鹿詩子×銀河アリス】ショタコンVSイケボ！ 萌えるお姉さん、挙動不審、怯える宇宙人・・・【限界動画】,24,UCT1AQFit-Eaj_YQMsfV0RhQ
O2yEu6pJBRc,ゲーム部天国！【ゲーム部×あおぎり高校】,24,UCPLeqi7rIqS9uY4_TrSUOMg
tum7dljV2ts,【4thオリジナルソング】I can&#39;t control myself/AZKi【AZKi BLaCK】,10,UC0TXe_LYZ4scaW2XMyi5_kw
VGbmpt6h-9U,【小山内めい】Vtuber Life【オリジナルソング】,24,UCZx7wgGNs2UFyRRtLoNur9Q
URaHOKb2XJs,來臺灣點珍珠奶茶吧！『虎妮超實用觀光用語 #1 珍奶篇』,20,UC6s0wLR0TZauzTVoGGw2r6g
iobPY0rSMo8,ぼっちぼろまる - うたうぼっちのテーマ (Music Video),10,UCzmKiZrrf3-F6TBV0MRw88g
NT6Pf28eCgQ,【侵略されて】エイリアンエイリアン 歌ってみた - ときのそら【踊ってみた】,10,UCp6993wxpyDPHUpavwDFqgg
AgVpE-brPJY,【アキネイター】有名VTuber(四天王) VS YUA 誰が一番早く出てくるか【検証】,24,UC_zztIHGbBz9L-ZM-Ta2O1Q
GqhR52z9dcw,【公式】耳かき日和 vol.8【耳かきボイス】,1,UCV56QlnrJqRmKtWKXObLodg
8eRxKqcn5GU,【ゲームのお供】バーチャル煮玉子のレシピを伝授！！！【クゥchannel】,22,UCendfm780DgZophhZyo6xnQ
MNcnT8wBcdw,心做し / 夏色まつり cover【オリジナルPV/4K】,24,UCQ0UDLQCjY0rmuxCDE38FGg
usll_8ktwp8,【ダンシングヒーロー】さょちゃんの特技は？【MJ】,24,UCwIW1tObQTz5TX4j5NEntqg
0q4CQEw60IM,狐娘とポッキーゲームしたい？【003】,26,UCt8tmsv8kL9Nc1sxvCo9j4Q
KE6Eer3sqDE,【06】バーチャル障害物走してみた！！！！,24,UCCsZjHDiCgvlZ8VyCQMEYuQ
ZwjUkidqGbU,【ホロライブ】「ジングルベル」を3人で歌ってみた【夜空メル×戌神ころね×大神ミオ】,24,UCD8HOxPs4Xvsm8H0ZxXGiBw
BnH6RiFm9f4,YuNi MV 「透明声彩」,24,UCHTnX0CSX_KObo5I9WuZ64g
Fn9YxucRNOc,【歌ってみた】「時計仕掛けの夢」【虹河ラキ/VTuber】,20,UCp77Qho-YHhnklRr-DkjiOw
zFLeuxRofNs,1655人ににじさんじだと間違われていたバーチャルYouTuber届木ウカ,24,UCk0dNVAdlgn4ynURwAq_z2A
V5UVI6EVqUs,【22/7】DA PUMP / U.S.A.【桜×麗華×あかね×みう】,24,UCwalpGCurSDqwSpkAR4h6LA
f8exumiQ_ck,【MV】ロキ 歌ってみた - 道明寺ここあ【ゲーム部の皆さんと！】,10,UCCebk1_w5oiMUTRxdNJq0sA
tE-J5q8OCF0,Home Sweet Home (feat. KMNZ LIZ)  / Neko Hacker,24,UCRMpIxnySp7Fy5SbZ8dBv2w
ATvbX11MSKw,第10話 ミディ、歌を歌うの巻,24,UCs4zWdCrlnXmpVkjOgAHs0w
VH5Siev2_o4,【モスおじ】新たな出会い,24,UCX7WYPXASkYUm2GyomLllIg
Rn7Hi52gLHw,(:]ミ - 海月ねう×鮫谷そう - ワンルームシュガーライフ/Happy Sugar Life OP Full -cover-,10,UCLXxry0HqEz_mzHSsXwrhYg
cvx4Tr3mWs8,CITRUS/Orangestar（covered by 樋口楓・鈴谷アキ）,10,UCpnvhOIJ6BN-vPkYU9ls-Eg
MrO45RVCkFA,【大女優ゴルシ】怒涛のモノマネ10連発！@ウマ娘,24,UCAWxPGGuIfWME2KTLUmSCHw
zICJTVdHulY,【わかる動画】1分55秒で分かり過ぎる動く城のフィオ,22,UCiJr4MX-DrlKgLYC0luCjpQ
_ZO_rso1KmU,言って。 - あんず &amp; 桜子【歌ってみた】,24,UCFI81W9F49a7GvimKF905eQ
_7QiyRK16IY,10分でわかるJGK通信あけおめ回,24,UCf97Z6Ntd1n0LQ3TsUtYNgQ
SEjFNuMhb6I,東雲めぐ「ぐみのうた」MV,1,UCNA0XC_zxS63d4Q-JMIMyug
N2pE7WLG20k,【魔法少女ちあ】応援ソング歌ってみた,24,UCk7UMlCJ6dlluad9GLKhHzg
lV3W4N2ZiRo,なんだか切なくなったった,22,UCiVRnULJjc8o-j_lG5BAzKw
3AkIdZ5nbF4,【auto chess】かなしいくずオーチェス大会 噛ませ犬担当【 #ブイチェス 】,20,UCSFCh5NL4qXrAy9u-u2lX3g
RHhyMraAxlI,色使いはセンスじゃ無い！【超入門講座#04】訂正版,26,UCHXgFLFyqR-XqtxfTH3qiYA
PbGddpIfXeQ,Augmentation (feat. Moe Shop) / KMNZ [Official Music Video],22,UCwuS0uY-Z2Gr_5OV2oFybFA
0CZbsDrvKHw,【お金がなくてもなれる！】VTuberのテクノロジー!!!,24,UC7xyzq_Hd72-IbJVoz4DSrQ
F127xh3z34M,【5分でわかる】ユキミお姉ちゃんのホラゲ【ガチ絶叫】,24,UCwXOUuxUxCJ1yD0JfogUvMg
idが存在しません,titleが存在しません,29,UCtpB6Bvhs1Um93ziEDACQ8g
HInbHXpOluI,weatheroid Type A  Airiです。小満ですね。　2018年5月21日,28,UCzrw4K7D9Ti3FP8WMTVPImg
EtofSp9lFPk,ハッピーホロウと神様倶楽部 ギルザレンⅢ世×剣持刀也×カザキ様 cover,10,UCtpB6Bvhs1Um93ziEDACQ8g
Oe8MiDdGUiU,【銀河アリス×ウェザーロイド】アリスちゃんの心の中を侵略してやる！!,28,UCzrw4K7D9Ti3FP8WMTVPImg
IJ98xRf-nVY,【自己紹介】ふたばんは～！北上双葉です🌱,1,UC5nfcGkOAm3JwfPvJvzplHg
35fKzdDH654,檄!帝国華撃団 by燦鳥ノム・富士葵・ときのそら【歌ってみた】,10,UCwRKt_raV3N5KZgxcFyC1vw
oN5cAoM8Acg,【MV】言の葉のうた - 甲賀流忍者ぽんぽこ（Prod.n-buna）,24,UC1EB8moGYdkoZQfWHjh7Ivw
5DyTR2wPLtU,【怒ってる？】べつに怒ってないし！！！！【ごんごん流】,1,UCiGcHHHT3kBB1IGOrv7f3qQ
D5Cdf-iiuy8,【初投稿】終末じゃない　歌ってみた【ChroNoiR】,24,UCspv01oxUFf_MTSipURRhkA
fpzj5kROylg,マスターさん、５年間ありがとうございましたっ！,1,UCIqbU97D5CrknKaNik10A-A
JT9w-0AlvI4,SP編 「キズナアイちゃんがやってきた！！」,23,UCmgWMQkenFc72QnYkdxdoKA
UEGt5h7ReC8,【BGクラブ】ハウトゥー世界征服 歌ってみた - 森中花咲×鈴鹿詩子×モイラ,24,UCvmppcdYf4HOv-tFQhHHJMA
CxB0iL5I_14,【公式番組】にじさんじMIX UP!! アフタートーク【#12】,24,UCmUjjW5zF1MMOhYUwwwQv9Q
n2BrstdTTOc,【まほすず】嗚呼、素晴らしきニャン生【歌ってみた】,10,UCLO9QDxVL4bnvRRsz6K4bsQ
e_EqIA6ZWqs,【歌ってみた】ロボ子、あっかんべーだ　歌ってみた。【オリジナルPV 】,20,UCDqI2jOz0weumE8s7paEk6g
xFiCCnigOus,【2019/05/06】5月の世界巡り【のらきゃっと】,24,UC3iwL9Yz8LcKkJsnLPevOTQ
njUywfYQ5n8,【初投稿】エイリアンエイリアン/家長むぎ【歌ってみた】,20,UC_GCs6GARLxEHxy1w40d6VQ
hoK4g-UqlsY,【ラップバトル】MCトウヤVS葛葉,24,UCv1fFr156jc65EMiLbaLImw
V8aGtJURz88,【にじさんじ×ホロライブ】『お願いマッスル』/白上フブキ＆舞元啓介【歌ってみた】,1,UCdn5BQ06XqgXoAxIhbqw5Rg
ZB-qjGIv_Js,【漫画】落下するエレベーター内で助かる方法【マンガ動画】【アニメ】,24,UCz0lin3ZsOtmr2yuTN2MDQg
HZleluBJrjA,笹木は嫌われている。/命に嫌われている【歌ってみた】,10,UCoztvTULBYd3WmStqYeoHcA
K2dutYkhZ3c,【オリジナル曲】えるえる★フルネーム【歌ってみた】,24,UCYKP16oMX9KKPbrNgo_Kgag
vyD0wR865lc,【替え歌】『腐れてんだー』（腐女子・腐男子・オタクの『Pretender』/Official髭男dism）【オリジナルMV】【鈴鹿詩子】,24,UCwokZsOK_uEre70XayaFnzA
Az22NOebfRk,♡高音厨音域テストやってみた♡,10,UCt0clH12Xk1-Ej5PXKGfdPA
TnzT_TYTG3o,冬☆クリスマスメドレー（covered by ド葛本社）,20,UC0g1AE0DOjBYnLhkgoRWN1w
jis7E_mbwPw,シンクロニティ by おめシス × BACK-ON,10,UCNjTjd2-PMC8Oo_-dCEss7A
vcU_AUayrio,夜咄ディセイブ / IA ( cover by かしこまり ＆ 樋口楓 ),10,UCfiK42sBHraMBK6eNWtsy7A
RU4mLQbebgg,【かんな&amp;パンディ】ヤバイTシャツ屋さん「かわE」を全力で歌って踊ってみた！,10,UCfFhyViosklD4kvyO-M0BJA
UADoH5n1RLM,名取さな - さなのおうた。【オリジナルソング】,10,UCIdEIHpS0TdkqRkHL5OkLtA
UVc2ye3HY4M,【MV】ピンキーポップヘップバーン「P!NGPONG QUEST」,10,UC1pR2ig6NhndhvicEgclNdA
2lMBnX-7uSA,【平和】お花育ててみたかった #37,23,UCeAfiVvEuyICYJW-f3GnQjQ
nWwbLr91eXo,NG＆未公開集！動画の裏はこんな悲惨なことになってますｗ,20,UCmZA7XRRzmxhM4jPltZX1Zg
g6EbiAfeW2M,Ebola-chan&#39;s Hospital♪,1,UCBePKUYNhoMcjBi-BRmjarQ
MEO8BXno0MM,【放送事故】生放送を切り忘れて素を晒してしまう戦国武将【転載】,22,UCGcD5iUDG8xiywZeeDxye-A
lB0TkRmEXQA,【天神子兎音】フーアーユーなんて言わないで【オリジナル曲】,10,UCAr7rLi_Wn09G-XfTA07d4g
LK6lrdvw5Ws,散歩,1,UCGaUWM5OQ7hU1JwbqvNBR4w
OLWqLMbq5QY,MapleDancer【樋口楓オリジナル曲】,10,UCsg-YqdqQ-KFF0LNk23BY4A
VHWqvMo_80k,3分でわかるバーチャルおばあちゃんの 滅びろよこんな世界【GTA5】,20,UCTMgd9qnUD9qKBX5oTtD6ug
XtlDHnWgGeM,【アズマリム】人類みなセンパイ！【MV】,24,UCARI2g7r-PHaxrIcAYsMfmA
0vZZ-v169go,11: カルト撲滅キャンペーン 【 FarCry5 #しずりん生放送💜】,20,UC6oDys1BGgBsIC3WhG1BovQ
PtbaawqVbzk,【牙狼オマージュPV】白刃の旋律【それいけ養分騎士番外編/ペカるTV】,24,UCQKzkqirhKvpa7DxzG55ZIw
tNTbzwuWyAs,【高設定のゴッドイーターで勝負!!】【E-CUP#4】【バジリスク絆】【ゴッドイーター】,20,UC8rqGvDED7EGuILKB673GeA
rLUkWgxazGU,【裏〇に興奮】鈴音の天下一品4th第6回【まどマギ】【パチスロ・スロット】,24,UCsg5ZKg5sQYg8Z1m_HtVfqw
hhHpvgkyhY0,【パチスロ】ハーデス天井勝負＃27 弱い方のナメキもいいね【HADES】,24,UC_yzEOg-2uv6l3saFe0-SOQ
Kcwb5vhhv_s,プレミア&amp;生入り集,24,UC-DoVlJN8wvkNbWCiDOYQRQ
hzAFSm_skdo,【スケボー】How to ドライブ やり方を徹底解説！ 初心者でもできる！,17,UCDrEisk1-ZthRFbDuW9w0nQ
r4LfLEDa0Fw,第147回【ジャグラー初心者必見！】現役店長が台選びからペカり方まで、教えます！,24,UCQhf9mYacqaFA2hgNselvbA
c5RmupQJn9Q,チェリ男チャンネル【チェリ男がシーサ。にリベンジ!?ヒキで魅せる戦い!!】チェリ男の悠遊自適 特別編 -楽園 柏店-,24,UCbmJJmXKaY3hvWYdrFMXCjQ
OxdQVcRZUQ8,ジャグラー動画終了のお知らせ　撮影許可いただけず,24,UCPSlLJBY8_4OPIt6aqmQpdA
fKqTKg--O1I,パチスロは前ほど打たない理由について,24,UCjI15traYZRzz0a5a5cKPgw
yQ1zzQxC17Y,【最終日】奇跡のロングフリーズ【さよならまどカス-最後の3日間-】,24,UCurZx0IzY6xVr8qOMMXE8Tg
S5Hz82uqd-Q,全然出てないって言ったら来店予定がなくなりました,20,UCSeDpnnXFVbLEbbvFvEEqKA
pFW-Jc4vyNE,ヤメた台が掘られた事なんて気にするな【2019.10.7】,24,UCWysZmTOoWtz0Y0LkDCDnsg
b_3_eaGGUF8,2018年 前半 クランキーセレブレーション 絶品リーチ目特集！,23,UCuF6FKygDY6KOenTg2-CsGA
8KKf4vn3Aq0,19/08/26【必ず後悔します】絆の高設定は捨ててはいけません!! 　バジリスク絆  #2,24,UCe8BqC5jt_DERDjdfKGu15g
idが存在しません,titleが存在しません,29,UC5-_iItK0ZTE6CsjTI62jIw
M8EWV5akIxY,ビンゴを揃えてプレゼント企画したくてサンドに入金【GOD凱旋】ビンゴスロット第１弾！ラストに重大発表あります！！,24,UCFwW7jKTtB0Hnpt-fLk1jmQ
IvRTwDZ4nEo,【全回転のシーンを振り返る パチンコCR地獄少女弐】,22,UCmOiUTK2pZJODKnNzftnMGQ
4C6MoQMNq9o,[無茶スロ#21] モンハン ロデオ　遂に降臨…?【ラージャン狙い 15日目】　[夜勤明けでムチャする男 パチンコ・パチスロ実践],24,UCOXOcEbERAwGlE4ig9MaLSQ
BYAJAOHOrHc,６年間の集大成…さよなら冥王。日直島田のアブノーマルな日常＃165,20,UCkUZKZ17PeE0ATPKvmvEU5w
QfS2LAEmGXQ,【俺の３分クッキング】 ＃１ハッシュドポテトを作ってみた！,27,UCcT2aLaZkigJ5wqeL941sZw
0lxq6YZQUE8,【押忍!!豪炎高校應援團】ついにど根性アタックでぶっ壊れた。驚異の１G連チャンが止まらない！（諭吉の鉄拳リベンジ#16）,24,UCz0SAvEoPZvQK5VmyW7FrNQ
MwHw9vQZW-E,CRエヴァ１２甘デジ！この台個人的にST突破できるけどそのあとがなかなか続かない…。次回予告とマリ様リーチ！【ぱち細道】,24,UCtARQW-1bQXPqh90QED-PJw
Eft0CdXAPWw,【ASMR】脳汁全開！激アツ保留が出る瞬間、２◯◯連発！『パチンコ演出集』【たぬパチ！】,20,UCDaoiQal6zv5dN-pHIVUYXQ
7VrbYjwwjZI,５カ月ぶりにおさかなちゃんで昇天しました。【82歳でパチンコライターを目指します！#33】,24,UCUXIFACE0fzIDhEqifLfezA
5i-Omnam0p4,ドラクエ10実況134「まるすけ降臨！伝説のプクリポと遊びたい！」,20,UCWbq8rJmj_wAts-czbpgSEA
Bo-Unv95sBs,【パチンコ店買い取ってみた】第187回今後パチンコ店に迫りくる問題を考える回,24,UCrsnfPtox8SQrVl0WySNjgQ
__7hAzP7ZCw,俺の実践！第４０８話　CRキャプテン翼を打つけど全力奪取これが俺たちの答えだ！,24,UCJ6NXuUoYLyyuNYTwkmgZtQ
naHVdFIOz14,「Happy Funky Party 」 FULLコーラス 三洋物産 CRスーパー海物語 in 沖縄4 より,22,UCdpwrfzRHaxrYl4cehVgjwg
0u90QGbN-OY,【特別編】ウラッキープラザ可児店,24,UCN57H9zCGKbpdFJAgq48Oww
H6oH2kJcrUY,ブログじゃわからん！超初心者向けディスクアップの打ち方解説！【番外編】,20,UCnN8cnLH9EPKfQvMh3umoUw
UxdT_HLxsEE,【CR北斗の拳 伝承】 ボスバトル集 懐かしの台110 レトロパチンコ,22,UCZeij2YQtZbNQwRBANmeJlw
4-L_0wgYRvA,【CR真・北斗無双】-39-運命の人・赤保留・金タイ・神拳zone、一撃当千chance・青保留,24,UC8TcoEh11vRxThZt-BNtvFA
Uwa9GuMopVg,【CR大海物語4ミドル】106日目◆ウリンの持ってきた幸運の宝箱！開けてみたら超プレミア◆4パチは稼げるのか？,24,UCwdn--Z5hcL53OGBwgQ9FcA
kU2Y8GDBadM,2018 4月～7月猫ちゃんのまとめです。,15,UCi3hvM-o6284XCA0FYic5ow
idが存在しません,titleが存在しません,29,UCviUjo7wVWKhha7Vl3P2rcw
HIlPk3aZDBs,【デスパチッ！】2016年パチンコダイジェスト！2016年、誠にありがとうございました！2017年も何卒よろしくお願い致します！「パチンコ　実践」「パチンコ　動画」,24,UCSD4WdpmIkkEJDDzPNup4yw
-MWekdDK3FY,【パワプロ2018】五竜郭高校 オールＡ 金特最大15個理論【part1】,20,UC-vazDKu2il6a0dGMzgNfLQ
ejfekXDT_OA,【ゆっくり実況】ヤクルト夏の大炎上祭り06/12【プロスピ】,20,UCfYoWXAvvBltrnEZk0EhKVA
