あいり ,UC4-TMrb7Mm4KnYx1VsUgcJA,あいりとコクーンの日常,UCnlbMoZfyDXXirr-qGiIq2g
赤髮のとものゲーム実況チャンネル!!,UCEIMvzf3R9d3_2A3IAajvHg,赤髮のとものサブチャンネル,UCq44eNlrF-7VsVQ6i5on-pA
AK in カナダ｜AK-English,UCWdFb_w3JI1BPTiBCXERg2Q
AKI GAME TV,UCiotlpambU2VW-eM-B2MTcg,AKI,UCV8yqCSuTthkle2YEYYIA7w
はらぺこツインズ,UCD-1TFnqeSem13xk52_wPBw
プリッとChannel,UCg9mwxF0uacG3Q4N91wo2TQ,プリッ2,UCwFPk397w7Dg5gi6vd-1Xcw
あさぎーにょ,UCqD72KlQed6DB-cPEaEYdEg
いろはのいろは,UCSXXJaYP3BFljsr-m5wi32A
あっさりしょこ,UCz0aC9z3kXruRHULDqFRuVA
《あつし》Channel,UCljUAjufNh7VI0yElcAdlhg,《あつし》と猫ズのさぶちゃんねーる！,UCIS8BB4C2cuzeILjQV9pxGA
渥美拓馬/Takuma Atsumi 2,UCBqyhgvzbzyqzvty4w-0Ihg
テラパンのアジト,UCP3nNjaKVS3k4jFmDQJR5mg
ANIJA DRiVE CHANNEL/2BRO.,UCzSi25RJfQNtQzXNYQUAcNA
ani haha,UCyeh3wnN52YJ7emqgCzk4UQ
アブ LIFE,UCEGO0FhAcf4MWV4IAtsY-aA
ハイサイのゲーム実況,UCrq5Hcn6IiKqvyb8vTr0sbA,ハイサイ探偵団の休日,UClyvSlm-AkWi-OyuUZ9p6Rg
しばなんチャンネル,UColoXxvhfz54o0icqQRPzYw,しばなんと一緒！,UCAne8GG-iUcTzUkpQG4N7jw
あやのってぃ ayanotty,UCVfjAtpZtEtqVZD5yCeS1WQ
池田真子 MakoChannel,UCPJOCEIyI3gxXbTqKSsViqg,池田セカンド 池田真子,UCwZzRDABUBlSTSPbX2U3WAQ,ママライフチャンネル,UCxN3hEJUxB4po1EBlfn1-hQ
QuizKnock,UCQ_MqAw18jFTlBB-f8BP7dw,QuizKnock会議中【サブチャンネル】,UCdvci38aZHC_5qKPyL8BPcA
ぽけっとうぃず222,UCuCGovZagRDvSlyfVuVLCjA
禁断ボーイズ,UCvtK7490fPF0TacbsvQ2H3g,禁断の素人ゲーム実況,UCgY7ZuKqLG_QSScSkPxe1NA
いろはのいろは,UCSXXJaYP3BFljsr-m5wi32A
ボンボンTV,UC6VSFaHYbR-bhNer7DXxGNQ,ボンボンTVの日常,UCIU_1WDzifvGu16qzFcKAEA,キッズボンボン ,UCFRbBdmVBHA7PeAuctRx1rQ
imigaちゃんねる,UCDVAZhZdPMoqTNPCX2Hp-0w
ウマヅラビデオ,UCvral4FSI9dOOUV-yRloawA,ウマヅラのワキ毛チャンネル,UC1uHbAbleaXjfegbmFV9TVQ
ヴァンゆんチャンネル/ Powered by VAMBI,UCftut9Z6S48igRNSQRDpCCg,ヴァンゆんのサブチャンネル,UCV5LYxs4mcMK2e6R13kZQFQ
ウタエル utael,UCHvFSU5OP6c7QcJxIr87YtA
ウマヅラビデオ,UCvral4FSI9dOOUV-yRloawA,ウマヅラのワキ毛チャンネル,UC1uHbAbleaXjfegbmFV9TVQ
2ndアバンティーズ,UCE1Egv5ioKZKQWBg9w1YyNA
キットチャンネル,UCyWRXFYbDydMdzcBX2G8xNg,オールキットチャンネル,UCdk4W9JxJcmWT-vIHPLGubQ,エラズキッチン,UC88qCWdzuAaOWh0fB-_GwGg
えっちゃんねる/悦子,UC3LAEwEhZ0Yn3l4-WatZo2Q,えっちゃんねる/放課後,UClqYauN21JCrxWF6J3STDgw,ボンボンTV,UC6VSFaHYbR-bhNer7DXxGNQ,ボンボンTVの日常,UCIU_1WDzifvGu16qzFcKAEA,キッズボンボン ,UCFRbBdmVBHA7PeAuctRx1rQ
エ.com（エド）,UCjb0R_WvdiaYQkcycsZ2rIA
エマチャンネル,UCVe-gDdF0FNj9e_dXrI7A-Q
エミリンチャンネル,UCq3YtFr5JWvID4iK9HyrM3Q
えむれなチャンネル,UCdK3LnMrq1-4MZteb-v5i5g,えむれなチャンネルセカンド,UCfDraCf7NoQwHpOBRSwhmuQ
AJ UNITED,UCUYqb8GPUo7r5nY9F2wNRCg,AJ UNITED[SUB],UC5aUyM3Q4blqYTzPaTqhwUg
大関れいか Reika Oozeki,UCw4rgKXKVbmWmuVV8W26pVw
オサミンティヌス3世,UCSxwU949ET-h5aRYYKlVTfg,オサムのうた,UC_IFf-9qHWQmaAEkLjlD5eQ
ハイサイのゲーム実況,UCrq5Hcn6IiKqvyb8vTr0sbA,ハイサイ探偵団の休日,UClyvSlm-AkWi-OyuUZ9p6Rg
Ojisan【おじぽん】,UCz_rmx0e00_ECzogaLvupGQ,【おじぽんのサブぽん】Ojisan,UCcacfsdXtD3UcaGHjWkaBXQ
オダケン,UCSdiXqnTXy6hukTURUIZbIg,オダケン / Odaken,UCuRPhJqqEq0FNP4PpLWDv6w
プリッとChannel,UCg9mwxF0uacG3Q4N91wo2TQ,プリッ2,UCwFPk397w7Dg5gi6vd-1Xcw
おついちTube,UC6KnFuHBByTI20VENcsoNjg
よさこいバンキッシュ,UCG4fqU419F_vnBkIfSyR9Yg,よさこいの宴会場,UCF8q7OIhzDHQBWFSh8WXQDg
ぽけっとうぃず222,UCuCGovZagRDvSlyfVuVLCjA
時代が俺に追いついたGames,UCecVoifi6iXwt18rWe_gLKA
カイトです,UCPfYY5S3_RM6aKxBeM9xMcQ,カイトです？,UCl5fNDF9MZPfYwhMQ4YsSpQ
会社員J,UCN559lrbV9wt46NwlnPJtPw,회사원B,UCKitX3MzbFuVJHoRiYQwEpw
ガイモン,UCHLHfhCJ97jFIHP8csn_oXw
かおる 카오루 TV,UCRrXCfxt0PnTm8xhMRUH1fA
はらぺこツインズ,UCD-1TFnqeSem13xk52_wPBw
カジサック KAJISAC,UC642pLj4GXSj-0Ybdx3ytmA,カジサックの小部屋,UCdEpbrlHoqnUGMRy2LICtRw
いんちき姉妹。,UC9YGwNAnBTgDzOoyLlpVQdg,いんちきさん。,UC1_3OQb-X_bphsLsmNyvkhQ
KAZUYA CHANNEL GX 2,UCALByahW47ArHcFH7EDeeFg,Kazuyaの旅チャンネル,UCl22menldFyd1RH0B5qkDaw
かつまたんKATSUMATAN/,UCUbiVx1o0sm2qC2HOIFq2_Q
かとみかちゃんねる,UCsOAQ504BwQYh1wsE-gIoSg
キットチャンネル,UCyWRXFYbDydMdzcBX2G8xNg,オールキットチャンネル,UCdk4W9JxJcmWT-vIHPLGubQ,エラズキッチン,UC88qCWdzuAaOWh0fB-_GwGg
きまぐれクックのサボり場,UCEAvwlv0ZtJrSsgaA2CewOw
かねこあや,UCCKVVZ8SvuAYi5LXwXHe7BA,かねこあやのたれながし,UCOQSegYJxRfNAxUtl6w70Rg
華音チャンネル (Kanon),UCB48i-3A65IN7bIY0LhhTbw
カブキン Kabukin,UCAUefZUdVMVoCykeuwQMQPw,カブキンの素顔 [すがチャン],UC_fH31Av4fuM0Ye-tDdrBUA
がぶりえるGabriel,UCtVkiulFFYJN3kQogXGHdvA,ガブりえる – Gabriel –,UCAgFS6ZveSICvsHl3OavCrw
かやくま kayakuma,UC8X6Cb-pumA1CNkd3K-lCyA,サブくま sabukuma,UCLwRAdJXKAzTH0KpeObTiWw
POTATO TV – couple –,UCoWXtx0aMvYILywj9IdmV7A
カルマ【KARUMA】,UCUnLtMTXZfrSeTJfO-N5NfA
ポイズンスパイスdays仮,UC4rP0NRGlrxRIXNeO9xLR3w
LOVECARS!TV!,UCtLo4nwb3ObCDZ4m8b8u7fA,Life Goes On TV,UC-kIxEIqYxnSshTVwg9q4Og
Kawanishi Mikiかわにしみき,UCgpq8b6bCzkSLquNQeSE6QQ,みきぽんのじゆうちょう。,UCpvjh6V8l1oCztJZoZNHzSg
水溜りボンド,UCpOjLndjOqMoffA-fr8cbKA,水溜りボンドの日常,UCaTFX7ckdowpnwHWcJGH2KQ
るぅきぃ夫婦,UC01H1jIT41AtOOj2T5YG3IA,るぅきぃサブ,UC8Lwy1hf6kt39oAdgvOfiAA
ぎこちゃん,UC0cpUGlqr4YlEmRG7543dEg
いろはのいろは,UCSXXJaYP3BFljsr-m5wi32A
きぬちゃんねる,UCndOUEEJsZf1gwIjegcd1bw,きぬサブ&ゲーム,UCc9OAcTfTdA57v91THXf8MA
木下ゆうかのゆるちゃん!/YukaKinoshita 2nd,UCjpPqow_Rlv0A9RePeJ6nAA
釣りよかHOUSE,UCD7-Ocp4InwPKzwiq_U-Abg,釣りよか飯,UCRT-74ovdMKOFBC96w_gfyQ,げーむよかでしょう,UCppjHa3U0tTB_0nRME0qHnA
きょんくま,UCFKSFhVMtIu7akVuxPtXtQw,お隣のきょんくま,UCVKQO4lPAI6QV5iAukIRKXw,きょんくまペット,UCNmjwhgOA8QM9-gqypc1S_w
恭チャンネル,UClX3YSREJp3ELuv2wFAYOzA,恭一郎のゲーム放送局,UCXlurN679Hgl2UxJAX493QA
桐崎栄二2222222222,UCubvrNZIuYcL15GU39rw9Lw
きょうぺいちゃんTV,UC0_nOHqfcBd8Jzx9YGXJ6AQ
STスタジオ,UCTZT_Lm9vlqNR0eZMO_nLYQ,STゲームスタジオ,UCmcDslUdKX94z1FhVb9MLhw,STスタジオの楽屋,UCtliRLoTilgG-_SCwLJGJnQ
きりたんぽ,UC0elp2101KAxbaAMzInGerA,。さぶたんぽ,UCi-VeNo-6P6CKZtlIwbv3pQ
キリン【考察系youtuber】,UCZ6AXSKWO2AIi5RkSRlPP2A
ヘンジンマジメ,UCa7T4-uTZ9G2OOfKeIcIf-A,ヘンマジの日記,UCmBbDn7EsU1atGFzwA9Y2Pw
ユーチューバー 草彅チャンネル,UCMo5MECD5pwhUVLaMqZo5Xg
楠ろあ,UCvS01-HQ57pnIjP4lkp58zw,気分屋ですがなにか?,UCeHdtUWHMcQ1JBYDde3aXJw
ぐにすけちゃんねる,UCg_Wchs_AGoHrlayD_rhO0Q,国助さん,UCX6olstM3FNJ1Kxvr7Z5fyw
久保田クッキング,UCAk6x9HQlsKDISWA_qW7jLg
きょんくま,UCFKSFhVMtIu7akVuxPtXtQw,お隣のきょんくま,UCVKQO4lPAI6QV5iAukIRKXw,きょんくまペット,UCNmjwhgOA8QM9-gqypc1S_w
PACHI PACHI FACTORY ofisial channel,UC8FCFBxdbCPq0qUXEV0lxag,Kumamiki English Channel,UCyFMZRowMAYze7nfNjkIyMw
くらうんっ!さぶちゃんねる,UCLYfj_MmswBc9R5la5fCTuA
日常箱,UC92ddxxI32pk-5ZDiQjJb6A
クーニンズさぶちゃんねる,UCgx5ymxhPZ6W3MMkvBXPPKQ
Toys Factory k2eizo,UCMhIu_KwMnSIux2mBvE_fgQ
kemio,UCdqmGeaJIczU3-ZTdBv7JaQ,Kemio ひまなう,UCv0HDdSSya2jO-hH5TT3dmw
げんじ/Genji,UCXrp0H7BPBHx2YTYMiiKEAA,げんじ fashion blog,UCheQrxcAGbLeghL0lLj-HMA,げんじ/women,UC9RH6iJ_sZh2xsEeZkOhb9A
すずしょうと,UCQl75_ZOEV_pu6kzspZ-Bug,diaryすずしょうと,UCNVLf9m73-oirZ1FqGL5Hhg
TWINS/ツインズ,UC0JR9ZTJIvB9VX8xz7LyujA,ツインズと夜更かし,UCA1V-lK7ZyuG2ipebclJ5Jg,にゃんねる,UCb_CkUzhPsHXdrpQl9Zg5aA
NOBLEMAN[ノーブルマン],UCSHc05m3seGiDBH6ZChd1xA,NOBLEMANの裏垢,UCQmK3pMRaG3OzWefTvXcD8w
ゴウキ/Gouki BOOK,UCsX8MJHEI5UukXoF3HLnTvg,ゴウキゲームズ /Gouki GAMES,UCkWVo6zrD092Om7sL5jpFmA,ゴウキTV/Gouki TV,UCHgDObHXFznc-LcedepGBDQ
こうじょうちょー,UCOZ7Kq5_VWBC-TtteAcsRBg,ガチャ子無課金,UCOi1BofCfummbKvUfwv5UmQ
kosuke,UCHTWZvJOz1pPedcZNe6QBwg
こなん,UCgHEUGUX_tuGvIZU8o7phpw,気分屋ですがなにか?,UCeHdtUWHMcQ1JBYDde3aXJw
こばしり。,UC4GMLPKC8TgfW1BtJ-0vf-Q,こばしりはゲームがしたい。,UCjWthOL2qhSJghqkmBYXmbA
こまちゃんねる,UCweCECBWbuYib1DdGib35rA,こまちゃんねる 2nd,UClh1CPPdsfze26V3L5QUICA
ブチかまし,UCYs35nWy7aTUBA4w8LcSCjQ
夕闇に誘いし漆黒の天使達,UC169FIKMFQKr1n65N3UcQag,夕闇に誘いし漆黒の楽屋,UCLiTIZKujQedn1jQ5G8Anfg
コレコレチャンネル Kore Tube,UCgOfjIl0I_oG7VxIoaKaRsw,コレコレサブチャンネル,UCPHChzs3MP7X5BXa1eBaz0g
こんどうようぢ,UCWXaDVBd_m1Ss2ejwWHkhHw
こーく-不透明-,UCmf7Dx0R4JpsS1XZH45SLnQ,こーく-半透明-,UCmK1vT38RSrYYYfmzREo7lw
CO-DAのぐっばいちゃんねる!,UCSrnV0SB1W2mYW4YMc9VTmg,CO-DAのさぶちゃんねる!,UCDngR1z4uuLkceHPooAKOaA
テラパンのアジト,UCP3nNjaKVS3k4jFmDQJR5mg
JULIDY,UCh1K2JtxIZLnUaTPlxPPzjw,JULIDY LIFE,UCEXkl-XyMxesCz2nTACFGrg
ノーブランド,UCE-g39lR3y7_aG-_K0bwqlg
さーちゃんねる,UCv8yLlZxCN4eTcsIv-H5lDA
sasuke,UCANAGvMwJW8cpYH-OXE2Ryg
プリッとChannel,UCg9mwxF0uacG3Q4N91wo2TQ,プリッ2,UCwFPk397w7Dg5gi6vd-1Xcw
さぁや saaya,UC69xoWl5-Y3m-oRFTORIbKw,さやぴんく（さぁや2nd）,UCCCKcdrIq6GXF2-IRJh3kNg
サイヤマングレート,UCCJel9mmTsxDU9RiCwdiLiA,サイヤマングレート2号,UCVz4g60SeNAFnKdrBgcBLxQ
Fischer’s-セカンダリ-,UCs4KWxdP-lRc-dgLXE5i8Wg
6面ステーション2nd,UCs2j_RsRnPcHF8hiyXbmYEg
桜 稲垣早希チャンネル ,UCQkSmfjLdzcKA95jJwAYbSA,桜 稲垣早希の2号機チャンネル,UCym95lGb6OvPyu6u0VmWGRw
ひじフォルニア,UCCuBSi2BjBLKPd2g7pN7mdg
sasakiasahiVlog,UCZvbol2FjFRiqc0hwIvpmMQ
さとちんゲーム,UCbBTdVltXwO0RNXspL-izQg
さとみ,UC-1uvY3U4sMSGi52IcT_fWQ
ぽけっとうぃず222,UCuCGovZagRDvSlyfVuVLCjA
サヤチャンネル,UCozJhjoieNVOsyQxm7wwqEw
コスメヲタちゃんねるサラ,UC_226ocwA3qmdpY2umXy9bA
ハイサイのゲーム実況,UCrq5Hcn6IiKqvyb8vTr0sbA,ハイサイ探偵団の休日,UClyvSlm-AkWi-OyuUZ9p6Rg
三年食太郎,UCuwOrlOunCKz6-U4RG9Hv5g
椎名あつみ,UClkm3StHgRznum3JgCoWQ6w
jetdaisukex,UCIFHQXx6Zw9b15a8cwC6WMg
ジェニー JENNI,UCsVtT0DHmb5GXCZZ7-4PRhg
NOBLEMAN[ノーブルマン],UCSHc05m3seGiDBH6ZChd1xA,NOBLEMANの裏垢,UCQmK3pMRaG3OzWefTvXcD8w
channel Shii,UCEOMQ3D4rF07TdItiXC_quA
SIT/シット,UC9nM3v1ZWwALi0vsVuS_v5g,SIT 2nd,UC5a4sRhY_TSWr6O0sFT3OUQ
テラパンのアジト,UCP3nNjaKVS3k4jFmDQJR5mg
プロレスリングシバター（サブ）,UCnM1r0x0FAVkLHTI59oZTRA,パチンコ・パチスロ日本代表ｃｈ,UCSeDpnnXFVbLEbbvFvEEqKA
東海オンエアの控え室,UCynIYcsBwTrwBIecconPN2A,動画アップロードチャンネル,UC1xd0cAOryAMTTG34joEgdg,しばなんチャンネル,UColoXxvhfz54o0icqQRPzYw,しばなんと一緒！,UCAne8GG-iUcTzUkpQG4N7jw
おるたなメイキング,UCOEv66G1hFW5P4ymboQOgJw,おるたなGames,UCk37bOZuK3wOYOJuILaQb7g
いろはのいろは,UCSXXJaYP3BFljsr-m5wi32A
6面ステーション2nd,UCs2j_RsRnPcHF8hiyXbmYEg
JPAPA CHANNEL,UCh7bThzNArch6TgoHB1HVhA,じゃぱぱのサブチャンネル,UC_By2hEN8DiDLpfpDv-PJAw
syamu,UCndPTRRme85svqTEhT14-Iw
AJ UNITED,UCUYqb8GPUo7r5nY9F2wNRCg,AJ UNITED[SUB],UC5aUyM3Q4blqYTzPaTqhwUg
ジュキヤ/Jukiya,UCyFs_R4WYYUGYVzcnJyMHqg,ジュキヤ/K-POPチャンネル,UCJ4KA3XGizt-aNPjp4R_xyA
しゅなたん / Shunatan,UCAX-dfsIV3mN8itLmGQyYgg
JULIDY,UCh1K2JtxIZLnUaTPlxPPzjw,JULIDY LIFE,UCEXkl-XyMxesCz2nTACFGrg
テラパンのアジト,UCP3nNjaKVS3k4jFmDQJR5mg
ほしのこCH,UCM_Ll26nXOkscq0YSpBmgyg,じゅんたんCH,UCEbYfZcs04wkegIphcMPe_A
ハイサイのゲーム実況,UCrq5Hcn6IiKqvyb8vTr0sbA,ハイサイ探偵団の休日,UClyvSlm-AkWi-OyuUZ9p6Rg
すずしょうと,UCQl75_ZOEV_pu6kzspZ-Bug,diaryすずしょうと,UCNVLf9m73-oirZ1FqGL5Hhg
しょうじ,UC5iLPoX7jHrxhjg76eGMCLQ,しょうじでSHOW,UChZyj5zNyvSxzF5lSZNkRnw
プリッとChannel,UCg9mwxF0uacG3Q4N91wo2TQ,プリッ2,UCwFPk397w7Dg5gi6vd-1Xcw
テラパンのアジト,UCP3nNjaKVS3k4jFmDQJR5mg
ZyonMana,UC5cDspT0XR1E3GpwVyOnwAA,ZyonMana Gaming,UCyE43o9w2R2427Sb1FtNkhQ,ZyonManaMini,UCEhLWMu8dXuyefEPqbMcIVQ
ジョンレノ,UCpr2WHYQX3KzAd7aRlAJ2SA
ジョーブログ【CRAZY CHALLENGER】,UC1zsShDyJp8AafQu9BPo1PQ,ジョーブログ2nd,UCZ8HFEKYXxVwjaQ7VIK69jg
ジョージとジロー,UC3gacr7ZpY9Lwi184c5zi1w
Fischer’s-セカンダリ-,UCs4KWxdP-lRc-dgLXE5i8Wg
ジョージとジロー,UC3gacr7ZpY9Lwi184c5zi1w
スカイピース,UC8_wmm5DX9mb4jrLiw8ZYzw,空の平和島,UCn_cpHcrXjG_XnH9N3fO6qA,JIN DA HOUSE,UC5VZjrV5x9J9mTyGODzu0dQ
SUSHI RAMEN [Riku],UCljYHFazflmGaDr5Lo90KmA,すしらーめん [2nd],UC78zfX-wGho3o6MrrnzLzMw
SUSURU TV.,UCXcjvt8cOfwtcqaMeE7-hqA,SUSURUのミッドナイトTV.,UCVdjYnmDsyiUcpcryI-k6ZA,SUSURU TV. English,UCnZolrxDDJ5xc27iZm3JXSw
鈴川絢子 2/ Suzukawa Ayako 2,UCoA7mJcwPivBNkrCWnTdo_A
すずしょうと,UCQl75_ZOEV_pu6kzspZ-Bug,diaryすずしょうと,UCNVLf9m73-oirZ1FqGL5Hhg
よさこいバンキッシュ,UCG4fqU419F_vnBkIfSyR9Yg,よさこいの宴会場,UCF8q7OIhzDHQBWFSh8WXQDg
Supaga,UCyrHso0lU5RUoXXPinIYe_w
いろはのいろは,UCSXXJaYP3BFljsr-m5wi32A
。ふぁるこんとめてお,UCSKDnQoP6LoyH9GK0mYThVA,ふぁるめての夏休み,UCNGLyQya2l58MXGHHmBt6gw
整形アイドル轟ちゃん,UCIPKo-3YgwWFFEeagS-j30A
SekineRisa Hazard,UCUhNq3L3ZGiYPGST0yEHZ_g
せろりんね,UCxZ0BkYadR-0LtmkrHcFOvQ
まいぜんシスターズ,UCM3yhFc0-fBFuvqx1Vg2YNQ,臆病まいぜんのホラーゲーム劇場,UCS79iNbQdnXIiTAvVNlt7dQ
まいぜんシスターズ,UCM3yhFc0-fBFuvqx1Vg2YNQ,臆病まいぜんのホラーゲーム劇場,UCS79iNbQdnXIiTAvVNlt7dQ
STスタジオ,UCTZT_Lm9vlqNR0eZMO_nLYQ,STゲームスタジオ,UCmcDslUdKX94z1FhVb9MLhw,STスタジオの楽屋,UCtliRLoTilgG-_SCwLJGJnQ
総長ウララ,UCmJnG5cRJ-LNKpaq6kVQX_Q,＃ウララ飯,UCJm1TQZcTKWjT9T09gO_EiA
ポイズンスパイスdays仮,UC4rP0NRGlrxRIXNeO9xLR3w
2ndアバンティーズ,UCE1Egv5ioKZKQWBg9w1YyNA
そわんわん,UCQQ72lKDN01Qs-3Qdtvp6XA
STスタジオ,UCTZT_Lm9vlqNR0eZMO_nLYQ,STゲームスタジオ,UCmcDslUdKX94z1FhVb9MLhw,STスタジオの楽屋,UCtliRLoTilgG-_SCwLJGJnQ
Daichi Game,UCCb-tODLrOA5sdI9AoPBa_A
はじめしゃちょーの畑,UClKeJXipXwX7_ZGxOBnMQyw
たかねんわーるど。,UCB10yM5qyQpNsMNDQ1VHxKg
ハイサイのゲーム実況,UCrq5Hcn6IiKqvyb8vTr0sbA,ハイサイ探偵団の休日,UClyvSlm-AkWi-OyuUZ9p6Rg
サブヤキ翔,UCEjJ_AtdruTDcKoQ-oor7Kg
ダチョー,UCxJXwYLqwpT7ZOw8Qy4eqJw
STスタジオ,UCTZT_Lm9vlqNR0eZMO_nLYQ,STゲームスタジオ,UCmcDslUdKX94z1FhVb9MLhw,STスタジオの楽屋,UCtliRLoTilgG-_SCwLJGJnQ
たっくーTVれいでぃお,UCkkxn2ldlFUMupTlXU8meAw,たっくーTV,UCFYfhDylHK-gFSXjtNr8dYQ
テラパンのアジト,UCP3nNjaKVS3k4jFmDQJR5mg
たつやTatsuya,UCQj5ojxvk3W9Z6pQM0RUS9g,たつやの裏側【サブちゃん】,UC6U4IswdH9Vlh0wQBKyC_Nw,たつやGames,UCkYKtq0p7a_o5J47NKD1_oA,緊急連絡たつや/,UC4gnxOAZUzMZlr-MXg37piA
2すとりーと,UCKMPD3bU5jx_2zqtLqCuOdQ,週刊2すとりーと,UCc3xkqXcb4d7xAIclz4wzWA
ブチかまし,UCYs35nWy7aTUBA4w8LcSCjQ
禁断ボーイズ,UCvtK7490fPF0TacbsvQ2H3g,禁断の素人ゲーム実況,UCgY7ZuKqLG_QSScSkPxe1NA
はじめしゃちょーの畑,UClKeJXipXwX7_ZGxOBnMQyw
/谷やん谷崎鷹人,UC1-4AnMxkLXLNL3-7UJ4KTQ,谷やんの夜食channel,UCQotWQghqTLWXNS2UfWVWig
たむちん/Tamutin GamiNG,UCpmrBp4Rbz_Ft_UtY3weeMQ
STスタジオ,UCTZT_Lm9vlqNR0eZMO_nLYQ,STゲームスタジオ,UCmcDslUdKX94z1FhVb9MLhw,STスタジオの楽屋,UCtliRLoTilgG-_SCwLJGJnQ
Fischer’s-セカンダリ-,UCs4KWxdP-lRc-dgLXE5i8Wg
るーまえ,UCuvtzqgu0ZNg0bXxmyDUjOg
Chiaki,UC1ToVxtUzre1zhpTVxsSh5Q
chiimeloちいめろ,UCvkWfTGdqAz8N3nJfNay-cA
CHIHAYA,UC_5eGybsOn6K81s8ORBxCFw,実写ちはや,UCas_B6hWKG-T_z1WXrLC72w
夕闇に誘いし漆黒の天使達,UC169FIKMFQKr1n65N3UcQag,夕闇に誘いし漆黒の楽屋,UCLiTIZKujQedn1jQ5G8Anfg
【レペゼン地球】公式,UC3eTZ5Yld6qufD6rtEiERdw,【レペゼン地球】曲チャンネル,UCxMLTQETeHIB2WGuTOG5wJA
ちゃあ/chaa’s,UCmol_xpWkIbQU0ZCuinqpQA
ちょめ,UCAUMd2VQNG7tjB-61pv04fw
TUTTI,UC9IJyg3eVynIJ-E6W2k1yHw
つちのこゲームズ,UCxNjRQKDk_-bVWC0VQFIJzQ
つばさブロー,UCGzgKurBk66FKNJiBkTvAHg
2ndアバンティーズ,UCE1Egv5ioKZKQWBg9w1YyNA
ハイサイのゲーム実況,UCrq5Hcn6IiKqvyb8vTr0sbA,ハイサイ探偵団の休日,UClyvSlm-AkWi-OyuUZ9p6Rg
ハイサイのゲーム実況,UCrq5Hcn6IiKqvyb8vTr0sbA,ハイサイ探偵団の休日,UClyvSlm-AkWi-OyuUZ9p6Rg
てぃーみきちゅーぶ。,UCSn6VeydXVr-4XtPb8LhPmA
【レペゼン地球】公式,UC3eTZ5Yld6qufD6rtEiERdw,【レペゼン地球】曲チャンネル,UCxMLTQETeHIB2WGuTOG5wJA
スカイピース,UC8_wmm5DX9mb4jrLiw8ZYzw,空の平和島,UCn_cpHcrXjG_XnH9N3fO6qA,テオくんホーム,UCj6_0tBpVpmyYSGu6f-uKqw
デカキン Dekakin,UCg_m2ahbG9grCTh05T9kRog,デカとも（デカキンサブチャンネル）,UC4zVGgJY4hxfKgcCqx9QXaA
東海オンエアの控え室,UCynIYcsBwTrwBIecconPN2A,動画アップロードチャンネル,UC1xd0cAOryAMTTG34joEgdg
てんちむCH/ tenchim,UCXzU-b8I0Y_fhMkLQMYt3vA,ちゃんてんちむち子,UCpaS2QO6XWA6LJ5kcKB_Hgg,すーぱーてんちむ/むち子,UCvWHrKGNCgiPrV4OAUKIS8g
遊楽舎ちゃんねる,UCHkxn-9n6Z3yQzg5fZgc0tA,遊楽舎のロッカー室,UCQVJ3jG0hgJ32M_MhajBQAg
Togimochi Koreaとぎもち 토기모치,UC8x_GQsqwLvglizV7xRckpw,とぎもちセカンド／togimochi2,UCa8wiOHbH6jskgnizFlO5Qg
いろはのいろは,UCSXXJaYP3BFljsr-m5wi32A
釣りよかHOUSE,UCD7-Ocp4InwPKzwiq_U-Abg,釣りよか飯,UCRT-74ovdMKOFBC96w_gfyQ,げーむよかでしょう,UCppjHa3U0tTB_0nRME0qHnA
東海オンエアの控え室,UCynIYcsBwTrwBIecconPN2A,動画アップロードチャンネル,UC1xd0cAOryAMTTG34joEgdg,としみつ東海オンエアの,UCDFxQgB9Dc_MzxiEKjozWwg
はじめしゃちょーの畑,UClKeJXipXwX7_ZGxOBnMQyw
TOMIKKU GAMES,UCknbQ56T1Csdiv6S3EXjZyw
水溜りボンド,UCpOjLndjOqMoffA-fr8cbKA,水溜りボンドの日常,UCaTFX7ckdowpnwHWcJGH2KQ
夕闇に誘いし漆黒の天使達,UC169FIKMFQKr1n65N3UcQag,夕闇に誘いし漆黒の楽屋,UCLiTIZKujQedn1jQ5G8Anfg
とらいあんぐる,UC5l9qmpr3ym8BpyKCHio5kQ,とらいあんぐる2nd,UCerwWTz_TXzhOFDt0XZjUHA
Dracöがたべしなに。,UCQUA8cPZgNoYEW2OgX482ng
トラゾースタジオ,UC3aT6KnZ_LuewG3WRZn9O-A,日常箱,UC92ddxxI32pk-5ZDiQjJb6A
プリッとChannel,UCg9mwxF0uacG3Q4N91wo2TQ,プリッ2,UCwFPk397w7Dg5gi6vd-1Xcw
おるたなメイキング,UCOEv66G1hFW5P4ymboQOgJw,おるたなGames,UCk37bOZuK3wOYOJuILaQb7g
Naokiman Show,UC4lN5sizuJraSHqy99xTy6Q,Naokiman,UCT9cFrlnfy1-XLf0Vuy0Zzw
ナスDの大冒険YouTube版,UCDPFIRDYR3hOVQGK50btVIQ
ボンボンTV,UC6VSFaHYbR-bhNer7DXxGNQ,ボンボンTVの日常,UCIU_1WDzifvGu16qzFcKAEA,キッズボンボン ,UCFRbBdmVBHA7PeAuctRx1rQ
ななとGames,UCXqocGp-RQ_sTw8EpPDg10A,ななとサブ,UCccyAngdyKxm0-c9lsNI07w
nanachannel,UCLO1yCo0gDgpXhyM0fXfXXA
ボンボンTV,UC6VSFaHYbR-bhNer7DXxGNQ,ボンボンTVの日常,UCIU_1WDzifvGu16qzFcKAEA,キッズボンボン ,UCFRbBdmVBHA7PeAuctRx1rQ
新希咲乃（にきさきの）,UC7MyccaiE4MYa9ERzqZYY4Q
夕闇に誘いし漆黒の天使達,UC169FIKMFQKr1n65N3UcQag,夕闇に誘いし漆黒の楽屋,UCLiTIZKujQedn1jQ5G8Anfg
にゃんたこ,UC6XdFs8T6Ei54O0FYl3PVVA
ぬーんチャンネル,UCQqOaSH8hh4NXYOopqiK4pQ
ねおチャンネル,UClPLW-9Nfbvf76ksj-4c1kQ,ねおとサブ太郎。,UCNozp4HtBcMFRk14efxa3IQ
ねがさんの日常,UCL2baZ3MAl4Ob8RlIioewyg
ねこてん,UCI5qMix97T3tVZfxmHObDjA,ねこてん配信垢,UCMePJKT8Ep1UDJu6SCooywQ
のってん,UCYnPDrzTc_r7a3tk1PaDU2A,のってんプチ,UCcT-RnaAGDmdeJfM7CLbdXw
STスタジオ,UCTZT_Lm9vlqNR0eZMO_nLYQ,STゲームスタジオ,UCmcDslUdKX94z1FhVb9MLhw,STスタジオの楽屋,UCtliRLoTilgG-_SCwLJGJnQ
はいじぃ第2劇場,UCGzK29d-uS0AoZvQLUNuDFA
ちか友留学生活,UCVVun6l51b35Azl_A7ChHSg
はじめしゃちょーの畑,UClKeJXipXwX7_ZGxOBnMQyw
釣りよかHOUSE,UCD7-Ocp4InwPKzwiq_U-Abg,釣りよか飯,UCRT-74ovdMKOFBC96w_gfyQ,げーむよかでしょう,UCppjHa3U0tTB_0nRME0qHnA
（株）はつだ,UCiot1jTaOKI6KHGpph751Nw
はなお,UCPyNsNSTUtywkekbDdCA_8Q,はなおの日常,UCYeEDmOpvEtnKM6KSSqC4UA
三納物語,UCBnD1sJRWEyKpfQydw1mkCA
ウタエル utael,UCHvFSU5OP6c7QcJxIr87YtA
はるあん,UCiMq2YMvF47o7K4FIZxkjFw
ハイサイのゲーム実況,UCrq5Hcn6IiKqvyb8vTr0sbA,ハイサイ探偵団の休日,UClyvSlm-AkWi-OyuUZ9p6Rg
ばんのけ,UCW6uQ8tQ0r8UY5ghbLOJ3qg,柴犬カルパスくん,UC1uG7OTh6p1s-bv0T0kmCNw
馬場海河 ばんばかいが ,UCUrZNkYO8SEEmuZwWdBRSzg
日向結衣,UCNS93jTKjnzNG7pYUCN5PrQ,2chひなゆい,UCM16L0QkMGSM2qlKeAx2giw,日向結衣ゲームする,UCiOYZtwnpQuqz2wa0oyR-ig
ヒカリナチャンネル EX,UCv7k2MRsY9sXIAWpCOvLCjg
ヒカル（Hikaru）,UCaminwG9MTO4sLYeC3s6udA,ヒカルしゃちょーのひとり飯,UCzVaupa8VNfVXxkYJibizlw,ヒカル2ndチャンネル,UCvc33FeURfaIN5M8x9wGVjQ,Hikaru Games,UCVpGiJmXoTpjrpkVEAfbpHg
ハイサイのゲーム実況,UCrq5Hcn6IiKqvyb8vTr0sbA,ハイサイ探偵団の休日,UClyvSlm-AkWi-OyuUZ9p6Rg
ぴゃんみつピャンネル,UCcUs-I8au4Rehe-xTyo_EUA
ヒラ,UCmxAWbOvT8osBX_tGMVFVPA
HiROKi GAMES,UCtHFo5rZX0LpAvIWEX2ooNA
TWINS/ツインズ,UC0JR9ZTJIvB9VX8xz7LyujA,ツインズと夜更かし,UCA1V-lK7ZyuG2ipebclJ5Jg,にゃんねる,UCb_CkUzhPsHXdrpQl9Zg5aA
怪盗PINKY,UCRN_Yde2b5G1-5nEeIhcOTw,よしぴてゃん,UCKDlYJVCj3Z-IWdItcmqusg
PDRさんのマイクラ,UC1P4bhgX_7EdUAit3tLDF1g
。ふぁるこんとめてお,UCSKDnQoP6LoyH9GK0mYThVA,ふぁるめての夏休み,UCNGLyQya2l58MXGHHmBt6gw
ふうはや/サブチャンネル,UClOJPMU7J_toeIKYv1Aa8Mw
Fate Games,UCmE4PWzOmGXz4eoYD_6jZ0g,Fateのサブチャンネル,UCwaKMOSBktUJ4dh1ELimj8w
ふくれな/fukurena,UCCuizDTLsr-mNm_PEGdChVg,えむれなチャンネル,UCdK3LnMrq1-4MZteb-v5i5g,えむれなチャンネルセカンド,UCfDraCf7NoQwHpOBRSwhmuQ
わくわくプロジェクトチャンネル,UCxpPvd1GuFf9gpB5cFdsecA
藤子さき,UCSd_Cc6CpYRN4aCgesEgqxQ,2藤子さき,UC7nNqERCWp6JgTWGq7RIulw
プチプラのあやチャンネル,UCC_ElJAc9JrtkMm3zTTJ1_A
いんちき姉妹。,UC9YGwNAnBTgDzOoyLlpVQdg,いんちきさん。,UC1_3OQb-X_bphsLsmNyvkhQ
ブライアンチャンネル,UCpZnHxjKCAOm-FKPrYYi-LA,Brian Games,UCu451KxefbOf2KPJd0M7iwA
ブラックナイト山田,UCCC7cPlaraQtAVGph5hU4Xw
Pretz／実況うますぎ人間,UC_LS7mBxC0zL9Ot0gaU26Lw
さんこいち,UCMOWCrRrcdSRT7dCR_dB7qA,・さんこいちのサブ,UC9RbsxutGLpLLkYrI6irkYQ,古川優香,UCm-m76oSXXj41CUxDwUeF4Q
ぷろたんの日常動画,UCMixLkr2-Vch0toq-bYkmuw
日常箱,UC92ddxxI32pk-5ZDiQjJb6A
ポイズンスパイスdays仮,UC4rP0NRGlrxRIXNeO9xLR3w
Fischer’s-セカンダリ-,UCs4KWxdP-lRc-dgLXE5i8Wg,peketan,UCp_Mk2uOS1j2_RbMjoGsImQ
Belle,UCyEf6IlgRGx6-zbTEP80jYg
ぺんぺん,UCgpmBtbVmsfwqhU_pU5CA3g
ウマズラビデオ,UCvral4FSI9dOOUV-yRloawA,ウマヅラのワキ毛チャンネル,UC1uHbAbleaXjfegbmFV9TVQ
ほしのこCH,UCM_Ll26nXOkscq0YSpBmgyg,じゅんたんCH,UCEbYfZcs04wkegIphcMPe_A
ポッキー / サブチャンネル,UC82xOcBv3-Hu6ZIk-KZccDg
歩乃華/Honoka,UCH7vgFKKDZcQkyPayyqMRJA,歩乃華のサブチャンネル,UCZF1mXM3ARXDv1ksjWiJtLQ
ブチかまし,UCYs35nWy7aTUBA4w8LcSCjQ
プリッとChannel,UCg9mwxF0uacG3Q4N91wo2TQ,プリッ2,UCwFPk397w7Dg5gi6vd-1Xcw
ほんだのばいく,UC8pMBOI9vXf6fIM670vdIPw
まあたそ,UCxlsYyeri8MOpap3w3JbWSQ,まあたその「ほぼメインチャンネル」,UC2656chrY5MdTQO2_II7yRg
まぐにぃゲーム実況本館,UCMP7QuS4suoONg47Nbi-wrg
ハイサイのゲーム実況,UCrq5Hcn6IiKqvyb8vTr0sbA,ハイサイ探偵団の休日,UClyvSlm-AkWi-OyuUZ9p6Rg,孫六 Shower TV [食バラエティ],UCrGHxmvpzezwUaZX5pnzXDA,まごしゃわさぶ,UCVieTZt4cqYWPpwIB2YUXwg
Fischer’s-セカンダリ-,UCs4KWxdP-lRc-dgLXE5i8Wg,MASAI.,UCt0UMsgH1q2Iq9mI9KFnsPA
ハイサイのゲーム実況,UCrq5Hcn6IiKqvyb8vTr0sbA,ハイサイ探偵団の休日,UClyvSlm-AkWi-OyuUZ9p6Rg
ましゅるむ,UC8dBPlnKodOG7eoPa9RuUFg,小部屋ましゅるむの,UC0LPgS1iEAjmOB6zIQtTRVw
マシロンケーキ,UCIOikCxE_aIEbAiqmQk54tQ
マスゲン釣りチャンネル,UCwmAyvxNTirU4uaDxwoveDA
MAX鈴木 TV,UCSoEDFXaMcHbAlWlduce2eg,まっくすすずき35 TV,UC4ACa27phCFtocv6Iv8gPeA
星になった まつだ55,UC6DkavyBTGAWowL7XUwhGKg
ZyonMana,UC5cDspT0XR1E3GpwVyOnwAA,ZyonMana Gaming,UCyE43o9w2R2427Sb1FtNkhQ,ZyonManaMini,UCEhLWMu8dXuyefEPqbMcIVQ
【レペゼン地球】公式,UC3eTZ5Yld6qufD6rtEiERdw,【レペゼン地球】曲チャンネル,UCxMLTQETeHIB2WGuTOG5wJA
まみこ部,UCgMckbqaWnWhpnUqH9Kk0BA,まみこ部日誌,UCLmM2XPazY4oKoymcrBJwGw,まみこ部ゲーム’s【GAME OVER】,UC2jtgNbEjbQEl5JyvZ2J2Dg
マミルトン,UC0-H-XRuSPbDdPRmAnuzxSQ,猫のシャルロッテ,UCKBSc3Sn-z1JRM_xNU5YNKg
MARIMO。（マリモ。）,UCdXjy8D4J8I6o5VKGMyHP3g,サブチャンネルマリモ,UCHuU17sU9G7nCNetufiJngA
マリリン fukuse yuuri,UCmsA3A5_HKBwI9OktSttTFg
丸山礼チャンネル,UC0wwyS5MbDCdbLjbtOt0yew
マーキュリー商事,UC31k7KPtTEsgty9lg5rxO1A,2ndマーキュリー商事,UCteyxLmgu9a6rVkfPUDp4eA
【レペゼン地球】公式,UC3eTZ5Yld6qufD6rtEiERdw,【レペゼン地球】曲チャンネル,UCxMLTQETeHIB2WGuTOG5wJA
三浦TV（サブチャンネル）,UCxTuU_8IluatqhU3Pwpngjw
美音（みおと/Mioto）,UCdtFmWwPlKiCOEND_95fwiA,Mioto Game Channel,UCv6c-wS-F8__GIgSEBqDaMA
みきお。,UCnEt_KImHuLS-U8jXm5X0RA,みきお。のサブチャンネル,UCBJN6f0g8vGVF1AT_9jlbAg
みさわ,UCxc0F7BSsl3d4V2aoietV9A,みさわのサブチャン,UCLKfi-8GJykpBNn0ROZWEqA
三科光平,UCL-a2oIp9rekDc3Z79uTUPg
POTATO TV – couple –,UCoWXtx0aMvYILywj9IdmV7A
みずにゃんちゃんねる,UCtOQj6_XsfQ_AAm6GGRYlYQ,みずにゃんサブ,UCUgKSk9MPaBRJz4V1nY6NBw
みっきーチャンネル,UCMyArXimoNAZjE1P2xLES7A,みっきーAfterSchool〝アフスク〟,UC6GAb6pirSErBANYG9iTEig,みっきープレイルーム,UCzjnsYwe4eT24B0NmNGNRaQ,みっきーさんのラジオ部屋,UCX0Z1DQf2yCDlm4aEEWETJw
プリッとChannel,UCg9mwxF0uacG3Q4N91wo2TQ,プリッ2,UCwFPk397w7Dg5gi6vd-1Xcw
みのミュージック,UCDkAtIbVxd-1c_5vCohp2Ow
ミニみにきゅーとくら部,UC7RlRR_QwHr7jhataayMOOQ
ヘンジンマジメ,UCa7T4-uTZ9G2OOfKeIcIf-A,ヘンマジの日記,UCmBbDn7EsU1atGFzwA9Y2Pw
MIMEI LAND,UCRutxRBx4rteBZBwtSoJATg
みやかわくん,UCYEUxkdgQrgL-MzmLwRO_Ew
みやゆう,UCrUfBW0jCq2HNYCpvcW8mVw
ミルクティー飲みたい,UCliZ4UHWUq2Y3rWdjqekxsQ
東海オンエアの控え室,UCynIYcsBwTrwBIecconPN2A,動画アップロードチャンネル,UC1xd0cAOryAMTTG34joEgdg,虫眼鏡の放送部,UCbSIiNFWbJCW8ERBbkNMfwQ
釣りよかHOUSE,UCD7-Ocp4InwPKzwiq_U-Abg,釣りよか飯,UCRT-74ovdMKOFBC96w_gfyQ,げーむよかでしょう,UCppjHa3U0tTB_0nRME0qHnA
めがねっとわーく。,UC7fN-mbfjZVUo755gu-1VuQ
MEGWIN TV LAB,UCWKc_h8m97tvrjZ9rfgdhIA
禁断ボーイズ,UCvtK7490fPF0TacbsvQ2H3g,禁断の素人ゲーム実況,UCgY7ZuKqLG_QSScSkPxe1NA
もえりんちゃんねる！,UCMFDhI-zeWRzLMCdxFnlw9A,もえりんのサブチャンネル,UClxQwMDivQlv4z5T_f1jYlw
とある漢のチャンネルもこう,UCZFxcWJS1_iVIFETARRRHZQ
もちのアートエボ,UCCvh-_tuLrQzt5ousKhsvKg
Fischer’s-セカンダリ-,UCs4KWxdP-lRc-dgLXE5i8Wg
momona韓国留学生,UC83Hcn9IpAQaSMX9bWLxh6Q
momo haha,UCdgfRnpHeNFcJ_jtWFs4ydQ,ani haha,UCyeh3wnN52YJ7emqgCzk4UQ
禁断ボーイズ,UCvtK7490fPF0TacbsvQ2H3g,禁断の素人ゲーム実況,UCgY7ZuKqLG_QSScSkPxe1NA
ハイサイのゲーム実況,UCrq5Hcn6IiKqvyb8vTr0sbA,ハイサイ探偵団の休日,UClyvSlm-AkWi-OyuUZ9p6Rg
さんこいち,UCMOWCrRrcdSRT7dCR_dB7qA,・さんこいちのサブ,UC9RbsxutGLpLLkYrI6irkYQ,やっぴ先生の美容研究所,UCG937GJ3sH_WLE06qGqwulg
はじめしゃちょーの畑,UClKeJXipXwX7_ZGxOBnMQyw
2すとりーと,UCKMPD3bU5jx_2zqtLqCuOdQ,週刊2すとりーと,UCc3xkqXcb4d7xAIclz4wzWA
ゆきや,UC-8H678xX1SNBOM10_ReY6Q,ゆきやの隠れ家,UCNl42623TU-WzWHoSY5vgmw
釣りよかHOUSE,UCD7-Ocp4InwPKzwiq_U-Abg,釣りよか飯,UCRT-74ovdMKOFBC96w_gfyQ,げーむよかでしょう,UCppjHa3U0tTB_0nRME0qHnA
ゆきりぬ,UCMsuwHzQPFMDtHaoR7_HDxg,ゆきりぬえとせとら。,UCCUUuxiedzRwJz1_na1zc1w
ゆなちゃんねる,UCsTM1roCxoot1-03EO5zQxg
東海オンエアの控え室,UCynIYcsBwTrwBIecconPN2A,動画アップロードチャンネル,UC1xd0cAOryAMTTG34joEgdg,ゆめまる美術館,UCevQsKO8q1XQcEA1BoBO2gA
ゆんちゃんねる,UCWvHd19P7d1hy0Qx5O-P2Dg
釣りよかHOUSE,UCD7-Ocp4InwPKzwiq_U-Abg,釣りよか飯,UCRT-74ovdMKOFBC96w_gfyQ,げーむよかでしょう,UCppjHa3U0tTB_0nRME0qHnA
よきき,UCuA3GbcPjRPesHaeRIvfIIQ,よききのゲーム実況ちゃんねる,UCcamd33faQQvl9YlGoyqmVQ
ヘンジンマジメ,UCa7T4-uTZ9G2OOfKeIcIf-A,ヘンマジの日記,UCmBbDn7EsU1atGFzwA9Y2Pw
YoshidaAkari,UCNIwy_Q7EjUxLlsewfuhjgg,アカリン家 （あかりんち）,UCOsxEgfXu6Z8flRHn04yf5g
よしなま,UCEnkd5D-53MDGpgpiQRbUqw,自由なよしなま,UCqye-Ew9orx1bP1VeKwAIhw
メトロンブログ,UCZWyZ5L_MVBCcB8vmkspb8A,シティネス[City_Nest],UCPMII4VKN0MdyUdn9969n-g
ハイサイのゲーム実況,UCrq5Hcn6IiKqvyb8vTr0sbA,ハイサイ探偵団の休日,UClyvSlm-AkWi-OyuUZ9p6Rg
ボンボンTV,UC6VSFaHYbR-bhNer7DXxGNQ,ボンボンTVの日常,UCIU_1WDzifvGu16qzFcKAEA,キッズボンボン ,UCFRbBdmVBHA7PeAuctRx1rQ
ヘンジンマジメ,UCa7T4-uTZ9G2OOfKeIcIf-A,ヘンマジの日記,UCmBbDn7EsU1atGFzwA9Y2Pw
いじりネタ系ホモよりひと,UC3Ysc5vmMFFKdUijrZcs5IQ,よりひと九州オンエアの控え室,UCUujrzGEQhYmevPXYwYK1JQ
釣りよかHOUSE,UCD7-Ocp4InwPKzwiq_U-Abg,釣りよか飯,UCRT-74ovdMKOFBC96w_gfyQ,げーむよかでしょう,UCppjHa3U0tTB_0nRME0qHnA
ライバロリ,UCSdExItCszcnIp-roT7b0kw,原田バロリ,UCFonAazmxOCc5sl9UiIkilg
大食いらすかる,UCQUdNis13Y2bXiV7fssSNCg
ラッシー / LASSIE,UC4bSJdI2RTNSld1_M_liO0w
ラファエル Raphael,UCgQgMOBZOJ1ZDtCZ4hwP1uQ,ラファエルサブチャンネル,UCtvDKClInpoJrgT-7ZYfWWQ,ラファエルゲーム,UCy2LfS0YNOOj5SRFjCrbIXA,ラファエル・クッキングRaphael cooking,UCFTjuhSe0OwwfxeI8qJjpJQ
ラブ川食堂,UCLCdKWiUUKPV016JHjVuMsQ
らむめろ,UCB2rI-MqXMh9WBjb5jTBPFA
La-kun FACTORY ch,UCA_lBmiUBqHN1CZaskcMiDQ,らーくん2ndちゃんねる,UC-ct634u3NjZMqw82hkCEKQ
2ndアバンティーズ,UCE1Egv5ioKZKQWBg9w1YyNA
さんこいち,UCMOWCrRrcdSRT7dCR_dB7qA,・さんこいちのサブ,UC9RbsxutGLpLLkYrI6irkYQ,ほりえりく,UCaZptJUdR8t0gPIu0kZJL0w
ボンボンTV,UC6VSFaHYbR-bhNer7DXxGNQ,ボンボンTVの日常,UCIU_1WDzifvGu16qzFcKAEA,キッズボンボン ,UCFRbBdmVBHA7PeAuctRx1rQ
りなてぃん,UCehRGQqa8b7Sm85l0iTYr3g,りなてぃん・ほくてぃんカップル,UCV6E6m_WZZpLIcOKU88dGVw
STスタジオ,UCTZT_Lm9vlqNR0eZMO_nLYQ,STゲームスタジオ,UCmcDslUdKX94z1FhVb9MLhw,STスタジオの楽屋,UCtliRLoTilgG-_SCwLJGJnQ
東海オンエアの控え室,UCynIYcsBwTrwBIecconPN2A,動画アップロードチャンネル,UC1xd0cAOryAMTTG34joEgdg
マーキュリー商事,UC31k7KPtTEsgty9lg5rxO1A,2ndマーキュリー商事,UCteyxLmgu9a6rVkfPUDp4eA
こもれびちゃんねる,UCjBt6WpPI_jXslSTqFRPnZw
NOBLEMAN[ノーブルマン],UCSHc05m3seGiDBH6ZChd1xA,NOBLEMANの裏垢,UCQmK3pMRaG3OzWefTvXcD8w
ブチかまし,UCYs35nWy7aTUBA4w8LcSCjQ
るぅきぃ夫婦,UC01H1jIT41AtOOj2T5YG3IA,るぅきぃサブ,UC8Lwy1hf6kt39oAdgvOfiAA
るーまえ,UCuvtzqgu0ZNg0bXxmyDUjOg
ましゅるむ,UC8dBPlnKodOG7eoPa9RuUFg,小部屋ましゅるむの,UC0LPgS1iEAjmOB6zIQtTRVw
レンボチャンネル,UCNWDRw40nwa30HCnqCnt1rQ,ミンナチャンネル,UCfTrBu0ES0PrnwBDBOD4FAw
6面ステーション2nd,UCs2j_RsRnPcHF8hiyXbmYEg
ロシアン佐藤『おなかがすいたらMONSTER!』,UCVP_Fma2_-BEKWYc79JVQDw,Party Kitchen – パーティーキッチン,UCmpuIDDF9WL_w-MXYyZRzFg
わかにゃん – 와카냥,UCMwVNrjkF5qyokwgepNkUVw
よさこいバンキッシュ,UCG4fqU419F_vnBkIfSyR9Yg,よさこいの宴会場,UCF8q7OIhzDHQBWFSh8WXQDg
プリッとChannel,UCg9mwxF0uacG3Q4N91wo2TQ,プリッ2,UCwFPk397w7Dg5gi6vd-1Xcw
ワタナベマホト,UC4Au2QrbfaSjHPSdk5tUBeg,ポンポンタイムズ仲間家,UCD3zVcwD_KDNh0VV0hr-5Tg
渡辺リサ,UCiD9NreGQb2zosj75gIYHsQ
和田さん。チャンネル,UCj77ylV0zetTGwztHbah33g
1D&ゆーぽん,UCqQ6BtItfK2FI3f4wubJmoA
Fischer’s-セカンダリ-,UCs4KWxdP-lRc-dgLXE5i8Wg
