あいり,UC4-TMrb7Mm4KnYx1VsUgcJA,"202,000"
赤髪のとものゲーム実況チャンネル!!,UCEIMvzf3R9d3_2A3IAajvHg,"1,890,000"
AK in カナダ｜AK-English,UCWdFb_w3JI1BPTiBCXERg2Q,"332,000"
AKI GAME TV,UCiotlpambU2VW-eM-B2MTcg,"224,000"
はらぺこツインズ,UCD-1TFnqeSem13xk52_wPBw,"382,000"
プリッとChannel,UCg9mwxF0uacG3Q4N91wo2TQ,"968,000"
あさぎーにょ,UCqD72KlQed6DB-cPEaEYdEg,"556,000"
いろはのいろは,UCSXXJaYP3BFljsr-m5wi32A,"801,000"
あっさりしょこ,UCz0aC9z3kXruRHULDqFRuVA,"215,000"
《あつし》Channel,UCljUAjufNh7VI0yElcAdlhg,"323,000"
渥美拓馬/Takuma Atsumi JAPAN FISHING CHANNEL,UCBqyhgvzbzyqzvty4w-0Ihg,"705,000"
テラパンのアジト,UCP3nNjaKVS3k4jFmDQJR5mg,1910
兄ドラッ!,UCzSi25RJfQNtQzXNYQUAcNA,"419,000"
ani haha,UCyeh3wnN52YJ7emqgCzk4UQ,6290
アブ LIFE,UCEGO0FhAcf4MWV4IAtsY-aA,"125,000"
ハイサイのゲーム実況,UCrq5Hcn6IiKqvyb8vTr0sbA,"212,000"
しばなんチャンネル,UColoXxvhfz54o0icqQRPzYw,"2,220,000"
あやのってぃ ayanotty,UCVfjAtpZtEtqVZD5yCeS1WQ,"472,000"
池田真子 MakoChannel,UCPJOCEIyI3gxXbTqKSsViqg,"241,000"
QuizKnock,UCQ_MqAw18jFTlBB-f8BP7dw,"939,000"
ぽけっとうぃず222,UCuCGovZagRDvSlyfVuVLCjA,"316,000"
禁断ボーイズ,UCvtK7490fPF0TacbsvQ2H3g,"1,960,000"
いろはのいろは,UCSXXJaYP3BFljsr-m5wi32A,"801,000"
ボンボンTV,UC6VSFaHYbR-bhNer7DXxGNQ,"1,950,000"
imigaちゃんねる,UCDVAZhZdPMoqTNPCX2Hp-0w,"182,000"
ウマヅラビデオ,UCvral4FSI9dOOUV-yRloawA,"945,000"
ヴァンゆんチャンネル/ Powered by VAMBI,UCftut9Z6S48igRNSQRDpCCg,"1,640,000"
ウタエル Utael,UCHvFSU5OP6c7QcJxIr87YtA,"263,000"
ウマヅラビデオ,UCvral4FSI9dOOUV-yRloawA,"945,000"
2chアバンティーズ,UCE1Egv5ioKZKQWBg9w1YyNA,"323,000"
キットチャンネル,UCyWRXFYbDydMdzcBX2G8xNg,"386,000"
えっちゃんねる/悦子,UC3LAEwEhZ0Yn3l4-WatZo2Q,"701,000"
エ.com（エド）,UCjb0R_WvdiaYQkcycsZ2rIA,"685,000"
エマチャンネル,UCVe-gDdF0FNj9e_dXrI7A-Q,"100,000"
エミリンチャンネル,UCq3YtFr5JWvID4iK9HyrM3Q,"593,000"
えむれなチャンネル,UCdK3LnMrq1-4MZteb-v5i5g,"1,630,000"
AJ UNITED,UCUYqb8GPUo7r5nY9F2wNRCg,"207,000"
大関れいか Reika Oozeki,UCw4rgKXKVbmWmuVV8W26pVw,"610,000"
オサミンティヌス3世,UCSxwU949ET-h5aRYYKlVTfg,"971,000"
ハイサイのゲーム実況,UCrq5Hcn6IiKqvyb8vTr0sbA,"212,000"
Ojisan【おじぽん】,UCz_rmx0e00_ECzogaLvupGQ,"219,000"
オダケン,UCSdiXqnTXy6hukTURUIZbIg,"348,000"
プリッとChannel,UCg9mwxF0uacG3Q4N91wo2TQ,"968,000"
おついちTube,UC6KnFuHBByTI20VENcsoNjg,"753,000"
よさこいバンキッシュ,UCG4fqU419F_vnBkIfSyR9Yg,"456,000"
ぽけっとうぃず222,UCuCGovZagRDvSlyfVuVLCjA,"316,000"
時代が俺に追いついたGames,UCecVoifi6iXwt18rWe_gLKA,"134,000"
カイトです,UCPfYY5S3_RM6aKxBeM9xMcQ,"347,000"
会社員J,UCN559lrbV9wt46NwlnPJtPw,"484,000"
ガイモン,UCHLHfhCJ97jFIHP8csn_oXw,"779,000"
かおる 카오루 TV,UCRrXCfxt0PnTm8xhMRUH1fA,"597,000"
はらぺこツインズ,UCD-1TFnqeSem13xk52_wPBw,"382,000"
カジサック KAJISAC,UC642pLj4GXSj-0Ybdx3ytmA,"1,410,000"
いんちき姉妹。,UC9YGwNAnBTgDzOoyLlpVQdg,"212,000"
KAZUYA CHANNEL GX 2,UCALByahW47ArHcFH7EDeeFg,"168,000"
かつまたんKATSUMATAN/,UCUbiVx1o0sm2qC2HOIFq2_Q,"953,000"
かとみかちゃんねる,UCsOAQ504BwQYh1wsE-gIoSg,"778,000"
キットチャンネル,UCyWRXFYbDydMdzcBX2G8xNg,"386,000"
きまぐれクックのサボり場,UCEAvwlv0ZtJrSsgaA2CewOw,"833,000"
かねこあや,UCCKVVZ8SvuAYi5LXwXHe7BA,"390,000"
華音チャンネル (Kanon),UCB48i-3A65IN7bIY0LhhTbw,"254,000"
カブキン Kabukin,UCAUefZUdVMVoCykeuwQMQPw,"311,000"
ガブリエルGabriel,UCtVkiulFFYJN3kQogXGHdvA,"189,000"
かやくま kayakuma,UC8X6Cb-pumA1CNkd3K-lCyA,"417,000"
POTATO TV - ポテトかっぷる -,UCoWXtx0aMvYILywj9IdmV7A,"160,000"
カルマ【KARUMA】,UCUnLtMTXZfrSeTJfO-N5NfA,"1,080,000"
へきトラハウス2,UC4rP0NRGlrxRIXNeO9xLR3w,"291,000"
LOVECARS!TV!,UCtLo4nwb3ObCDZ4m8b8u7fA,"163,000"
Kawanishi Mikiかわにしみき,UCgpq8b6bCzkSLquNQeSE6QQ,"1,030,000"
水溜りボンド,UCpOjLndjOqMoffA-fr8cbKA,"4,100,000"
るぅきぃ夫婦,UC01H1jIT41AtOOj2T5YG3IA,"338,000"
ぎこちゃん,UC0cpUGlqr4YlEmRG7543dEg,"806,000"
いろはのいろは,UCSXXJaYP3BFljsr-m5wi32A,"801,000"
きぬちゃんねる,UCndOUEEJsZf1gwIjegcd1bw,"572,000"
木下ゆうかのゆるちゃん!/YukaKinoshita 2nd,UCjpPqow_Rlv0A9RePeJ6nAA,"254,000"
佐賀よかでしょう。,UCD7-Ocp4InwPKzwiq_U-Abg,"590,000"
きょんくま,UCFKSFhVMtIu7akVuxPtXtQw,"937,000"
恭チャンネル,UClX3YSREJp3ELuv2wFAYOzA,"1,260,000"
桐崎栄二2222222222,UCubvrNZIuYcL15GU39rw9Lw,"631,000"
きょうぺいちゃんTV,UC0_nOHqfcBd8Jzx9YGXJ6AQ,"203,000"
STスタジオ,UCTZT_Lm9vlqNR0eZMO_nLYQ,"591,000"
きりたんぽ,UC0elp2101KAxbaAMzInGerA,"597,000"
キリン【考察系youtuber】,UCZ6AXSKWO2AIi5RkSRlPP2A,"913,000"
ヘンジンマジメ,UCa7T4-uTZ9G2OOfKeIcIf-A,"331,000"
ユーチューバー 草彅チャンネル,UCMo5MECD5pwhUVLaMqZo5Xg,"935,000"
すいろあチャンネル,UCvS01-HQ57pnIjP4lkp58zw,"336,000"
ぐにすけちゃんねる,UCg_Wchs_AGoHrlayD_rhO0Q,"435,000"
久保田クッキングやむ,UCAk6x9HQlsKDISWA_qW7jLg,"862,000"
きょんくま,UCFKSFhVMtIu7akVuxPtXtQw,"937,000"
PACHI PACHI FACTORY official channel,UC8FCFBxdbCPq0qUXEV0lxag,5720
くらうんっ!さぶちゃんねる,UCLYfj_MmswBc9R5la5fCTuA,3850
日常箱,UC92ddxxI32pk-5ZDiQjJb6A,"224,000"
クーニンズさぶちゃんねる,UCgx5ymxhPZ6W3MMkvBXPPKQ,"348,000"
Toys Factory k2eizo,UCMhIu_KwMnSIux2mBvE_fgQ,"512,000"
kemio,UCdqmGeaJIczU3-ZTdBv7JaQ,"1,520,000"
げんじ/Genji,UCXrp0H7BPBHx2YTYMiiKEAA,"542,000"
すずしょうと,UCQl75_ZOEV_pu6kzspZ-Bug,"233,000"
TWINS /ツインズ,UC0JR9ZTJIvB9VX8xz7LyujA,"470,000"
NOBLEMAN【ノーブルマン】,UCSHc05m3seGiDBH6ZChd1xA,"353,000"
ゴウキ/Gouki BOOK,UCsX8MJHEI5UukXoF3HLnTvg,"441,000"
こうじょうちょー,UCOZ7Kq5_VWBC-TtteAcsRBg,"465,000"
kosuke,UCHTWZvJOz1pPedcZNe6QBwg,"380,000"
こなん,UCgHEUGUX_tuGvIZU8o7phpw,"121,000"
こばしり。,UC4GMLPKC8TgfW1BtJ-0vf-Q,"699,000"
こまちゃんねる,UCweCECBWbuYib1DdGib35rA,"218,000"
ブチかまし,UCYs35nWy7aTUBA4w8LcSCjQ,"155,000"
夕闇に誘いし漆黒の天使達,UC169FIKMFQKr1n65N3UcQag,"552,000"
コレコレチャンネル KoreTube,UCgOfjIl0I_oG7VxIoaKaRsw,"1,010,000"
こんどうようぢ,UCWXaDVBd_m1Ss2ejwWHkhHw,"293,000"
こーく-不透明-,UCmf7Dx0R4JpsS1XZH45SLnQ,"732,000"
CO-DAのぐっばいちゃんねる!,UCSrnV0SB1W2mYW4YMc9VTmg,"245,000"
テラパンのアジト,UCP3nNjaKVS3k4jFmDQJR5mg,1910
JULIDY,UCh1K2JtxIZLnUaTPlxPPzjw,"505,000"
KOHEY,UCE-g39lR3y7_aG-_K0bwqlg,"700,000"
さーちゃんねる,UCv8yLlZxCN4eTcsIv-H5lDA,"408,000"
sasuke,UCANAGvMwJW8cpYH-OXE2Ryg,"354,000"
プリッとChannel,UCg9mwxF0uacG3Q4N91wo2TQ,"968,000"
さぁや saaya,UC69xoWl5-Y3m-oRFTORIbKw,"1,210,000"
サイヤマングレート,UCCJel9mmTsxDU9RiCwdiLiA,"405,000"
Fischer's-セカンダリ-,UCs4KWxdP-lRc-dgLXE5i8Wg,"2,300,000"
6面ステーション2nd,UCs2j_RsRnPcHF8hiyXbmYEg,"192,000"
桜 稲垣早希チャンネル,UCQkSmfjLdzcKA95jJwAYbSA,"209,000"
ひじフォルニア,UCCuBSi2BjBLKPd2g7pN7mdg,"43,000"
sasakiasahiVlog,UCZvbol2FjFRiqc0hwIvpmMQ,"241,000"
さとちんゲーム,UCbBTdVltXwO0RNXspL-izQg,"281,000"
さとみ,UC-1uvY3U4sMSGi52IcT_fWQ,"658,000"
ぽけっとうぃず222,UCuCGovZagRDvSlyfVuVLCjA,"316,000"
リタチャンネル,UCozJhjoieNVOsyQxm7wwqEw,"576,000"
コスメヲタちゃんねるサラ,UC_226ocwA3qmdpY2umXy9bA,"425,000"
ハイサイのゲーム実況,UCrq5Hcn6IiKqvyb8vTr0sbA,"212,000"
三年食太郎,UCuwOrlOunCKz6-U4RG9Hv5g,"334,000"
椎名あつみ,UClkm3StHgRznum3JgCoWQ6w,"117,000"
jetdaisukex,UCIFHQXx6Zw9b15a8cwC6WMg,"169,000"
ジェニー JENNI,UCsVtT0DHmb5GXCZZ7-4PRhg,"310,000"
NOBLEMAN【ノーブルマン】,UCSHc05m3seGiDBH6ZChd1xA,"353,000"
channel Shii,UCEOMQ3D4rF07TdItiXC_quA,"113,000"
/シットSIT,UC9nM3v1ZWwALi0vsVuS_v5g,"310,000"
テラパンのアジト,UCP3nNjaKVS3k4jFmDQJR5mg,1910
プロレスリングシバター（サブ）,UCnM1r0x0FAVkLHTI59oZTRA,"198,000"
東海オンエアの控え室,UCynIYcsBwTrwBIecconPN2A,"2,350,000"
おるたなの休み時間,UCOEv66G1hFW5P4ymboQOgJw,"287,000"
いろはのいろは,UCSXXJaYP3BFljsr-m5wi32A,"801,000"
6面ステーション2nd,UCs2j_RsRnPcHF8hiyXbmYEg,"192,000"
JPAPA CHANNEL,UCh7bThzNArch6TgoHB1HVhA,"242,000"
"",UCndPTRRme85svqTEhT14-Iw,""
AJ UNITED,UCUYqb8GPUo7r5nY9F2wNRCg,"207,000"
ジュキヤ/Jukiya,UCyFs_R4WYYUGYVzcnJyMHqg,"1,100,000"
しゅなたん / Shunatan,UCAX-dfsIV3mN8itLmGQyYgg,"144,000"
JULIDY,UCh1K2JtxIZLnUaTPlxPPzjw,"505,000"
テラパンのアジト,UCP3nNjaKVS3k4jFmDQJR5mg,1910
ほしのこCH,UCM_Ll26nXOkscq0YSpBmgyg,"318,000"
ハイサイのゲーム実況,UCrq5Hcn6IiKqvyb8vTr0sbA,"212,000"
すずしょうと,UCQl75_ZOEV_pu6kzspZ-Bug,"233,000"
しょうじ,UC5iLPoX7jHrxhjg76eGMCLQ,"942,000"
プリッとChannel,UCg9mwxF0uacG3Q4N91wo2TQ,"968,000"
テラパンのアジト,UCP3nNjaKVS3k4jFmDQJR5mg,1910
ZyonMana,UC5cDspT0XR1E3GpwVyOnwAA,"324,000"
ジョンレノチャンネル,UCpr2WHYQX3KzAd7aRlAJ2SA,"484,000"
ジョーブログ【CRAZY CHALLENGER】,UC1zsShDyJp8AafQu9BPo1PQ,"1,310,000"
JJコンビ,UC3gacr7ZpY9Lwi184c5zi1w,"241,000"
Fischer's-セカンダリ-,UCs4KWxdP-lRc-dgLXE5i8Wg,"2,300,000"
JJコンビ,UC3gacr7ZpY9Lwi184c5zi1w,"241,000"
スカイピース,UC8_wmm5DX9mb4jrLiw8ZYzw,"2,680,000"
SUSHI RAMEN【Riku】,UCljYHFazflmGaDr5Lo90KmA,"4,490,000"
SUSURU TV.,UCXcjvt8cOfwtcqaMeE7-hqA,"744,000"
鈴川絢子 2/ Suzukawa Ayako 2,UCoA7mJcwPivBNkrCWnTdo_A,4270
すずしょうと,UCQl75_ZOEV_pu6kzspZ-Bug,"233,000"
よさこいバンキッシュ,UCG4fqU419F_vnBkIfSyR9Yg,"456,000"
Supaga,UCyrHso0lU5RUoXXPinIYe_w,"166,000"
いろはのいろは,UCSXXJaYP3BFljsr-m5wi32A,"801,000"
電波中年のここらで一服,UCSKDnQoP6LoyH9GK0mYThVA,"194,000"
整形アイドル轟ちゃん,UCIPKo-3YgwWFFEeagS-j30A,"360,000"
Sekine Risa Hazard,UCUhNq3L3ZGiYPGST0yEHZ_g,"122,000"
せろりんね,UCxZ0BkYadR-0LtmkrHcFOvQ,"216,000"
まいぜんシスターズ,UCM3yhFc0-fBFuvqx1Vg2YNQ,"927,000"
まいぜんシスターズ,UCM3yhFc0-fBFuvqx1Vg2YNQ,"927,000"
STスタジオ,UCTZT_Lm9vlqNR0eZMO_nLYQ,"591,000"
総長ウララ,UCmJnG5cRJ-LNKpaq6kVQX_Q,"643,000"
へきトラハウス2,UC4rP0NRGlrxRIXNeO9xLR3w,"291,000"
2chアバンティーズ,UCE1Egv5ioKZKQWBg9w1YyNA,"323,000"
そわんわん,UCQQ72lKDN01Qs-3Qdtvp6XA,"390,000"
STスタジオ,UCTZT_Lm9vlqNR0eZMO_nLYQ,"591,000"
Daichi Game,UCCb-tODLrOA5sdI9AoPBa_A,"35,000"
はじめしゃちょーの畑,UClKeJXipXwX7_ZGxOBnMQyw,"1,840,000"
たかねんわーるど。,UCB10yM5qyQpNsMNDQ1VHxKg,"306,000"
ハイサイのゲーム実況,UCrq5Hcn6IiKqvyb8vTr0sbA,"212,000"
サブヤキ翔,UCEjJ_AtdruTDcKoQ-oor7Kg,"242,000"
ダチョー,UCxJXwYLqwpT7ZOw8Qy4eqJw,"187,000"
STスタジオ,UCTZT_Lm9vlqNR0eZMO_nLYQ,"591,000"
たっくーTVれいでぃお,UCkkxn2ldlFUMupTlXU8meAw,"796,000"
テラパンのアジト,UCP3nNjaKVS3k4jFmDQJR5mg,1910
たつやTatsuya,UCQj5ojxvk3W9Z6pQM0RUS9g,"145,000"
２すとりーと,UCKMPD3bU5jx_2zqtLqCuOdQ,"155,000"
ブチかまし,UCYs35nWy7aTUBA4w8LcSCjQ,"155,000"
禁断ボーイズ,UCvtK7490fPF0TacbsvQ2H3g,"1,960,000"
はじめしゃちょーの畑,UClKeJXipXwX7_ZGxOBnMQyw,"1,840,000"
/谷やん谷崎鷹人,UC1-4AnMxkLXLNL3-7UJ4KTQ,"1,030,000"
たむちん / Tamutin GamiNG,UCpmrBp4Rbz_Ft_UtY3weeMQ,9050
STスタジオ,UCTZT_Lm9vlqNR0eZMO_nLYQ,"591,000"
Fischer's-セカンダリ-,UCs4KWxdP-lRc-dgLXE5i8Wg,"2,300,000"
るーまえ,UCuvtzqgu0ZNg0bXxmyDUjOg,"120,000"
Chiaki,UC1ToVxtUzre1zhpTVxsSh5Q,"353,000"
chiimeloちいめろ,UCvkWfTGdqAz8N3nJfNay-cA,"323,000"
CHIHAYA,UC_5eGybsOn6K81s8ORBxCFw,"193,000"
夕闇に誘いし漆黒の天使達,UC169FIKMFQKr1n65N3UcQag,"552,000"
【レペゼン地球】公式,UC3eTZ5Yld6qufD6rtEiERdw,"2,060,000"
ちゃあ/chaa's,UCmol_xpWkIbQU0ZCuinqpQA,"156,000"
ちょめ,UCAUMd2VQNG7tjB-61pv04fw,"10,000"
TUTTIGames,UC9IJyg3eVynIJ-E6W2k1yHw,"182,000"
つちのこゲームズ,UCxNjRQKDk_-bVWC0VQFIJzQ,"241,000"
つばさブロー,UCGzgKurBk66FKNJiBkTvAHg,"253,000"
2chアバンティーズ,UCE1Egv5ioKZKQWBg9w1YyNA,"323,000"
ハイサイのゲーム実況,UCrq5Hcn6IiKqvyb8vTr0sbA,"212,000"
ハイサイのゲーム実況,UCrq5Hcn6IiKqvyb8vTr0sbA,"212,000"
てぃーみきちゅーぶ。,UCSn6VeydXVr-4XtPb8LhPmA,"152,000"
【レペゼン地球】公式,UC3eTZ5Yld6qufD6rtEiERdw,"2,060,000"
スカイピース,UC8_wmm5DX9mb4jrLiw8ZYzw,"2,680,000"
デカキン Dekakin,UCg_m2ahbG9grCTh05T9kRog,"777,000"
東海オンエアの控え室,UCynIYcsBwTrwBIecconPN2A,"2,350,000"
てんちむCH/ tenchim,UCXzU-b8I0Y_fhMkLQMYt3vA,"917,000"
遊楽舎ちゃんねる,UCHkxn-9n6Z3yQzg5fZgc0tA,"303,000"
Togimochi Koreaとぎもち 토기모치,UC8x_GQsqwLvglizV7xRckpw,"859,000"
いろはのいろは,UCSXXJaYP3BFljsr-m5wi32A,"801,000"
佐賀よかでしょう。,UCD7-Ocp4InwPKzwiq_U-Abg,"590,000"
東海オンエアの控え室,UCynIYcsBwTrwBIecconPN2A,"2,350,000"
はじめしゃちょーの畑,UClKeJXipXwX7_ZGxOBnMQyw,"1,840,000"
TOMIKKU GAMES,UCknbQ56T1Csdiv6S3EXjZyw,"595,000"
水溜りボンド,UCpOjLndjOqMoffA-fr8cbKA,"4,100,000"
夕闇に誘いし漆黒の天使達,UC169FIKMFQKr1n65N3UcQag,"552,000"
とらいあんぐる,UC5l9qmpr3ym8BpyKCHio5kQ,"302,000"
食べしなに。Dracö が,UCQUA8cPZgNoYEW2OgX482ng,"496,000"
トラゾースタジオ,UC3aT6KnZ_LuewG3WRZn9O-A,"219,000"
プリッとChannel,UCg9mwxF0uacG3Q4N91wo2TQ,"968,000"
おるたなの休み時間,UCOEv66G1hFW5P4ymboQOgJw,"287,000"
Naokiman Show,UC4lN5sizuJraSHqy99xTy6Q,"909,000"
ナスDの大冒険YouTube版,UCDPFIRDYR3hOVQGK50btVIQ,"794,000"
ボンボンTV,UC6VSFaHYbR-bhNer7DXxGNQ,"1,950,000"
ななとGames,UCXqocGp-RQ_sTw8EpPDg10A,"229,000"
nanachannel,UCLO1yCo0gDgpXhyM0fXfXXA,"210,000"
ボンボンTV,UC6VSFaHYbR-bhNer7DXxGNQ,"1,950,000"
新希咲乃（にきさきの）,UC7MyccaiE4MYa9ERzqZYY4Q,"280,000"
夕闇に誘いし漆黒の天使達,UC169FIKMFQKr1n65N3UcQag,"552,000"
にゃんたこ,UC6XdFs8T6Ei54O0FYl3PVVA,"242,000"
ぬーんチャンネル,UCQqOaSH8hh4NXYOopqiK4pQ,"344,000"
ねおチャンネル,UClPLW-9Nfbvf76ksj-4c1kQ,"724,000"
ねがさんの日常,UCL2baZ3MAl4Ob8RlIioewyg,"325,000"
ねこてん,UCI5qMix97T3tVZfxmHObDjA,"929,000"
のってん,UCYnPDrzTc_r7a3tk1PaDU2A,"253,000"
STスタジオ,UCTZT_Lm9vlqNR0eZMO_nLYQ,"591,000"
はいじぃ第2劇場,UCGzK29d-uS0AoZvQLUNuDFA,"453,000"
ちか友留学生活,UCVVun6l51b35Azl_A7ChHSg,"324,000"
はじめしゃちょーの畑,UClKeJXipXwX7_ZGxOBnMQyw,"1,840,000"
佐賀よかでしょう。,UCD7-Ocp4InwPKzwiq_U-Abg,"590,000"
（株）はつだ,UCiot1jTaOKI6KHGpph751Nw,"119,000"
はなお,UCPyNsNSTUtywkekbDdCA_8Q,"1,460,000"
三納物語,UCBnD1sJRWEyKpfQydw1mkCA,"516,000"
ウタエル Utael,UCHvFSU5OP6c7QcJxIr87YtA,"263,000"
はるあん,UCiMq2YMvF47o7K4FIZxkjFw,"428,000"
ハイサイのゲーム実況,UCrq5Hcn6IiKqvyb8vTr0sbA,"212,000"
ばんのけ,UCW6uQ8tQ0r8UY5ghbLOJ3qg,"230,000"
馬場海河 ばんばかいが,UCUrZNkYO8SEEmuZwWdBRSzg,"921,000"
日向結衣,UCNS93jTKjnzNG7pYUCN5PrQ,"251,000"
ヒカリナチャンネルEX,UCv7k2MRsY9sXIAWpCOvLCjg,"219,000"
ヒカル（Hikaru）,UCaminwG9MTO4sLYeC3s6udA,"3,480,000"
ハイサイのゲーム実況,UCrq5Hcn6IiKqvyb8vTr0sbA,"212,000"
ぴゃんみつ,UCcUs-I8au4Rehe-xTyo_EUA,"103,000"
ヒラ,UCmxAWbOvT8osBX_tGMVFVPA,"245,000"
HiROKi GAMES,UCtHFo5rZX0LpAvIWEX2ooNA,1800
TWINS /ツインズ,UC0JR9ZTJIvB9VX8xz7LyujA,"470,000"
おぴぴ,UCRN_Yde2b5G1-5nEeIhcOTw,"1,360,000"
PDRさんのマイクラ,UC1P4bhgX_7EdUAit3tLDF1g,"413,000"
電波中年のここらで一服,UCSKDnQoP6LoyH9GK0mYThVA,"194,000"
ふうはや/サブチャンネル,UClOJPMU7J_toeIKYv1Aa8Mw,"15,000"
Fate Games,UCmE4PWzOmGXz4eoYD_6jZ0g,"386,000"
ふくれな/fukurena,UCCuizDTLsr-mNm_PEGdChVg,"1,300,000"
わくわくプロジェクトチャンネル,UCxpPvd1GuFf9gpB5cFdsecA,"505,000"
藤子さき,UCSd_Cc6CpYRN4aCgesEgqxQ,"101,000"
プチプラのあやチャンネル,UCC_ElJAc9JrtkMm3zTTJ1_A,"289,000"
いんちき姉妹。,UC9YGwNAnBTgDzOoyLlpVQdg,"212,000"
ブライアンチャンネル,UCpZnHxjKCAOm-FKPrYYi-LA,"2,060,000"
ブラックナイト山田,UCCC7cPlaraQtAVGph5hU4Xw,"820,000"
ぷりっつ,UC_LS7mBxC0zL9Ot0gaU26Lw,"480,000"
さんこいち,UCMOWCrRrcdSRT7dCR_dB7qA,"1,400,000"
ぷろたんの日常動画,UCMixLkr2-Vch0toq-bYkmuw,"121,000"
日常箱,UC92ddxxI32pk-5ZDiQjJb6A,"224,000"
へきトラハウス2,UC4rP0NRGlrxRIXNeO9xLR3w,"291,000"
Fischer's-セカンダリ-,UCs4KWxdP-lRc-dgLXE5i8Wg,"2,300,000"
Belle,UCyEf6IlgRGx6-zbTEP80jYg,"138,000"
ぺんぺん,UCgpmBtbVmsfwqhU_pU5CA3g,"389,000"
ウマヅラビデオ,UCvral4FSI9dOOUV-yRloawA,"945,000"
ほしのこCH,UCM_Ll26nXOkscq0YSpBmgyg,"318,000"
ポッキーの休憩所,UC82xOcBv3-Hu6ZIk-KZccDg,"420,000"
歩乃華 / Honoka,UCH7vgFKKDZcQkyPayyqMRJA,"512,000"
ブチかまし,UCYs35nWy7aTUBA4w8LcSCjQ,"155,000"
プリッとChannel,UCg9mwxF0uacG3Q4N91wo2TQ,"968,000"
ほんだのばいく,UC8pMBOI9vXf6fIM670vdIPw,"1,290,000"
まあたそ,UCxlsYyeri8MOpap3w3JbWSQ,"1,580,000"
まぐにぃゲーム実況本館,UCMP7QuS4suoONg47Nbi-wrg,"176,000"
ハイサイのゲーム実況,UCrq5Hcn6IiKqvyb8vTr0sbA,"212,000"
Fischer's-セカンダリ-,UCs4KWxdP-lRc-dgLXE5i8Wg,"2,300,000"
ハイサイのゲーム実況,UCrq5Hcn6IiKqvyb8vTr0sbA,"212,000"
ましゅるむ,UC8dBPlnKodOG7eoPa9RuUFg,"300,000"
マシロンケーキ,UCIOikCxE_aIEbAiqmQk54tQ,"765,000"
マスゲン釣りチャンネル,UCwmAyvxNTirU4uaDxwoveDA,"169,000"
MaxSuzuki TV,UCSoEDFXaMcHbAlWlduce2eg,"404,000"
まつだ55サブ,UC6DkavyBTGAWowL7XUwhGKg,3470
ZyonMana,UC5cDspT0XR1E3GpwVyOnwAA,"324,000"
【レペゼン地球】公式,UC3eTZ5Yld6qufD6rtEiERdw,"2,060,000"
まみこ部,UCgMckbqaWnWhpnUqH9Kk0BA,"154,000"
マミルトン,UC0-H-XRuSPbDdPRmAnuzxSQ,"311,000"
MARIMO。（マリモ。）,UCdXjy8D4J8I6o5VKGMyHP3g,"222,000"
fukuse yuuriマリリン,UCmsA3A5_HKBwI9OktSttTFg,"680,000"
丸山礼チャンネル,UC0wwyS5MbDCdbLjbtOt0yew,"397,000"
マーキュリー商事,UC31k7KPtTEsgty9lg5rxO1A,"261,000"
【レペゼン地球】公式,UC3eTZ5Yld6qufD6rtEiERdw,"2,060,000"
三浦TV,UCxTuU_8IluatqhU3Pwpngjw,"311,000"
美音（みおと/Mioto）,UCdtFmWwPlKiCOEND_95fwiA,"912,000"
みきお。【MIKIO.】,UCnEt_KImHuLS-U8jXm5X0RA,"429,000"
みさわ,UCxc0F7BSsl3d4V2aoietV9A,"378,000"
三科光平,UCL-a2oIp9rekDc3Z79uTUPg,"378,000"
POTATO TV - ポテトかっぷる -,UCoWXtx0aMvYILywj9IdmV7A,"160,000"
みずにゃんちゃんねる,UCtOQj6_XsfQ_AAm6GGRYlYQ,"182,000"
みっきーチャンネル,UCMyArXimoNAZjE1P2xLES7A,"290,000"
プリッとChannel,UCg9mwxF0uacG3Q4N91wo2TQ,"968,000"
みのミュージック,UCDkAtIbVxd-1c_5vCohp2Ow,"204,000"
ミニみにきゅーとくら部（みのりん）,UC7RlRR_QwHr7jhataayMOOQ,"157,000"
ヘンジンマジメ,UCa7T4-uTZ9G2OOfKeIcIf-A,"331,000"
MIMEI LAND,UCRutxRBx4rteBZBwtSoJATg,"164,000"
みやかわくん / 宮川大聖,UCYEUxkdgQrgL-MzmLwRO_Ew,"739,000"
みやゆう,UCrUfBW0jCq2HNYCpvcW8mVw,"851,000"
ミルクティー飲みたい,UCliZ4UHWUq2Y3rWdjqekxsQ,"138,000"
東海オンエアの控え室,UCynIYcsBwTrwBIecconPN2A,"2,350,000"
佐賀よかでしょう。,UCD7-Ocp4InwPKzwiq_U-Abg,"590,000"
めがねっとわーく。,UC7fN-mbfjZVUo755gu-1VuQ,"366,000"
MEGWIN TV LAB,UCWKc_h8m97tvrjZ9rfgdhIA,"173,000"
禁断ボーイズ,UCvtK7490fPF0TacbsvQ2H3g,"1,960,000"
もえりんちゃんねる！,UCMFDhI-zeWRzLMCdxFnlw9A,"642,000"
とある漢のチャンネルもこう,UCZFxcWJS1_iVIFETARRRHZQ,"330,000"
もちのアートエボ,UCCvh-_tuLrQzt5ousKhsvKg,"492,000"
Fischer's-セカンダリ-,UCs4KWxdP-lRc-dgLXE5i8Wg,"2,300,000"
momona韓国留学生,UC83Hcn9IpAQaSMX9bWLxh6Q,"545,000"
momo haha,UCdgfRnpHeNFcJ_jtWFs4ydQ,"329,000"
禁断ボーイズ,UCvtK7490fPF0TacbsvQ2H3g,"1,960,000"
ハイサイのゲーム実況,UCrq5Hcn6IiKqvyb8vTr0sbA,"212,000"
さんこいち,UCMOWCrRrcdSRT7dCR_dB7qA,"1,400,000"
はじめしゃちょーの畑,UClKeJXipXwX7_ZGxOBnMQyw,"1,840,000"
２すとりーと,UCKMPD3bU5jx_2zqtLqCuOdQ,"155,000"
ゆきや,UC-8H678xX1SNBOM10_ReY6Q,"227,000"
佐賀よかでしょう。,UCD7-Ocp4InwPKzwiq_U-Abg,"590,000"
ゆきりぬ,UCMsuwHzQPFMDtHaoR7_HDxg,"1,140,000"
ゆなちゃんねる,UCsTM1roCxoot1-03EO5zQxg,"527,000"
東海オンエアの控え室,UCynIYcsBwTrwBIecconPN2A,"2,350,000"
ゆんちゃんねる,UCWvHd19P7d1hy0Qx5O-P2Dg,"683,000"
佐賀よかでしょう。,UCD7-Ocp4InwPKzwiq_U-Abg,"590,000"
よきき,UCuA3GbcPjRPesHaeRIvfIIQ,"1,230,000"
ヘンジンマジメ,UCa7T4-uTZ9G2OOfKeIcIf-A,"331,000"
YoshidaAkari,UCNIwy_Q7EjUxLlsewfuhjgg,"732,000"
よしなま,UCEnkd5D-53MDGpgpiQRbUqw,"618,000"
メトロンブログ,UCZWyZ5L_MVBCcB8vmkspb8A,"526,000"
ハイサイのゲーム実況,UCrq5Hcn6IiKqvyb8vTr0sbA,"212,000"
ボンボンTV,UC6VSFaHYbR-bhNer7DXxGNQ,"1,950,000"
ヘンジンマジメ,UCa7T4-uTZ9G2OOfKeIcIf-A,"331,000"
いじりネタ系ホモよりひと,UC3Ysc5vmMFFKdUijrZcs5IQ,"715,000"
佐賀よかでしょう。,UCD7-Ocp4InwPKzwiq_U-Abg,"590,000"
ライバロリ,UCSdExItCszcnIp-roT7b0kw,"517,000"
大食いらすかる,UCQUdNis13Y2bXiV7fssSNCg,"506,000"
ラッシー / LASSIE,UC4bSJdI2RTNSld1_M_liO0w,"193,000"
ラファエル Raphael,UCgQgMOBZOJ1ZDtCZ4hwP1uQ,"1,390,000"
ラブ川食堂,UCLCdKWiUUKPV016JHjVuMsQ,"235,000"
らむめろ,UCB2rI-MqXMh9WBjb5jTBPFA,"89,000"
La-kun FACTORY ch,UCA_lBmiUBqHN1CZaskcMiDQ,"313,000"
2chアバンティーズ,UCE1Egv5ioKZKQWBg9w1YyNA,"323,000"
さんこいち,UCMOWCrRrcdSRT7dCR_dB7qA,"1,400,000"
ボンボンTV,UC6VSFaHYbR-bhNer7DXxGNQ,"1,950,000"
りなてぃん,UCehRGQqa8b7Sm85l0iTYr3g,"137,000"
STスタジオ,UCTZT_Lm9vlqNR0eZMO_nLYQ,"591,000"
東海オンエアの控え室,UCynIYcsBwTrwBIecconPN2A,"2,350,000"
マーキュリー商事,UC31k7KPtTEsgty9lg5rxO1A,"261,000"
こもれびちゃんねる,UCjBt6WpPI_jXslSTqFRPnZw,"171,000"
NOBLEMAN【ノーブルマン】,UCSHc05m3seGiDBH6ZChd1xA,"353,000"
ブチかまし,UCYs35nWy7aTUBA4w8LcSCjQ,"155,000"
るぅきぃ夫婦,UC01H1jIT41AtOOj2T5YG3IA,"338,000"
るーまえ,UCuvtzqgu0ZNg0bXxmyDUjOg,"120,000"
ましゅるむ,UC8dBPlnKodOG7eoPa9RuUFg,"300,000"
レンボチャンネル,UCNWDRw40nwa30HCnqCnt1rQ,"148,000"
6面ステーション2nd,UCs2j_RsRnPcHF8hiyXbmYEg,"192,000"
ロシアン佐藤『おなかがすいたらMONSTER!』,UCVP_Fma2_-BEKWYc79JVQDw,"725,000"
わかにゃん - 와카냥 - Wakanyang,UCMwVNrjkF5qyokwgepNkUVw,"159,000"
よさこいバンキッシュ,UCG4fqU419F_vnBkIfSyR9Yg,"456,000"
プリッとChannel,UCg9mwxF0uacG3Q4N91wo2TQ,"968,000"
ワタナベマホト,UC4Au2QrbfaSjHPSdk5tUBeg,"2,600,000"
渡辺リサ,UCiD9NreGQb2zosj75gIYHsQ,"149,000"
和田さん。チャンネル,UCj77ylV0zetTGwztHbah33g,"885,000"
1D&ゆーぽん,UCqQ6BtItfK2FI3f4wubJmoA,"581,000"
Fischer's-セカンダリ-,UCs4KWxdP-lRc-dgLXE5i8Wg,"2,300,000"
