あいたかはしくん,iTakahashikun
赤髮のともの実写チャンネル!!,akagami0723
パオパオチャンネル,bunkei1113
釣りいろは,kashimacitycom
あしあと,asiatochannel
渥美拓馬/Takuma Atsumi,atsuA1
【テラパン】テラスパンパンス,himazin33
兄者弟者,norunine
ぽこにゃん,pokonyan1185
あしあと,asiatochannel
アブ -abu-,abuuuntv
ハイサイ探偵団,hittyaso
AmiBeautyTV,AmiBeautyTV
ayanonono,ayanonono0212
POCKET WIZ【ポケットウィズ】,oniyuu0607
釣りいろは,kashimacitycom
アバンティーズ,avntisdouga
カズチャンネル/Kazu Channel,kazuch0924,カズのサブチャンネルだよ,kazuch0924p,カズゲームズ/Gaming Kazu,kazuch0924games,Kazu TabiTV,KazuTabiTV,カズ飯/Cooking Kazu,kazumeshi
ハイサイ探偵団,hittyaso
兄者弟者,norunine
POCKET WIZ【ポケットウィズ】,oniyuu0607
회사원A,calarygirl
カズチャンネル/Kazu Channel,kazuch0924,カズのサブチャンネルだよ,kazuch0924p,カズゲームズ/Gaming Kazu,kazuch0924games,Kazu TabiTV,KazuTabiTV,カズ飯/Cooking Kazu,kazumeshi
KAZUYA Channel,kazuyahkd,KAZUYA Channel 5D’s ,kazuyahkd2,KAZUYA CHANNEL GX,kazuyachgx
あまり驚かないガッチマンはホラーゲームばかりやっている,Gatchman666
勝亦博物館/katsumata museum,katumatahakubutukan
きまぐれクック,toruteli
へきトラハウス,TNS24ch
釣りいろは,kashimacitycom
Yuka Kinoshita木下ゆうか,kinoyuu0204
釣りよかでしょう。,yoorai0121
キヨ。,KIYOisGOD
桐崎栄二/きりざきえいじ,kirizakieizi
くまみき/Kumamiki,kumamikicraft
くらうんっ！ちゃんねる,crown6569
KuronekoNoa121,KuronekoNoa121
qooninTV,tryTV92
k2eizo,k2eizo,k2eizoログ,k3eizo
コアラ’s GAME SHOW,retrogametv1
ぽこにゃん,pokonyan1185,こみちんチャンネル,pokonyatiwa
こーすけ(最終兵器俺達),suketubesaiore
【テラパン】テラスパンパンス,himazin33
KOHEY,pandapan014029
Fischer’s-フィッシャーズ-,MASAIandHamzael,ZAKAO a.k.a Kill Power,ZAKAO3
6面ステーション,6MEN47
サグワダイアリー,saguwadaiari
sasakiasahi,sasakiasahi
さとちんTV,satotintv
POCKET WIZ【ポケットウィズ】,oniyuu0607
ハイサイ探偵団,hittyaso
JETDAISUKE,jetdaisuke
死神の巣,kouzakihikaru,死神の遊び場,sinigami1818
【テラパン】テラスパンパンス,himazin33
PROWRESTLING SHIBATAR ZZ,PROWRESTLINGSHIBATAR
東海オンエア,TokaiOnAir
おるたなChannel,torokeroTV
釣りいろは,kashimacitycom
6面ステーション,6MEN47
じゅえりー/Jewelrry,ImJEWELRRRY
あしあと,asiatochannel,朱梨あしあと,syuriasiato
【テラパン】テラスパンパンス,himazin33
しゅーや,shuuya007
ハイサイ探偵団,hittyaso
【テラパン】テラスパンパンス,himazin33
Fischer’s-フィッシャーズ-,MASAIandHamzael
SRGAME,SRGAME1000,SHIROATV,shroaTV,Shiroaの生放送ちゃんねる,SHIROATV2
mikashindate,shindatemika
鈴川絢子/Suzukawa Ayako,suzukawaayako,鈴川絢子のゲーム実況チャンネル/Suzukawa Game,suzugame
釣りいろは,kashimacitycom
SeikinTV,SeikinTV,SeikinGames,SeikinGames
Seiji＠きたくぶ,kp4940
SekineRisa,SekineRisa
瀬戸弘司 / Koji Seto,eguri89,eguri89games,eguri89games,瀬戸弘司ミニ,eguri89mini
へきトラハウス,TNS24ch
アバンティーズ,avntisdouga
Daichi Beatboxer,daichibeatboxer,よかろうもん,TheDaichiNet
たいぽん/TAIPON,taibon1205,たいぽんせかんど,taipon2ndchannel,たいぽんげーむず,newtaipongames
たくっち,takuxtuti0502
よかろうもん,TheDaichiNet
ハイサイ探偵団,hittyaso
タケヤキ翔,takeyakisan
たこらいす,tocorice
【テラパン】テラスパンパンス,himazin33
多村家の日常,tamutin53
多村銀次郎/Ginjiro Tamura,tamutin532ch
PDSKabushikiGaisha,PDSKabushikiGaisha,PDSGames,PDSGames4649,PDS English,pdstensai,paindante,paindante
Fischer’s-フィッシャーズ-,MASAIandHamzael
ちはやYTS3,dal231
TUTTI TV,TUTTtvsub
つちのこフレンズ,tuthinoko55
アバンティーズ,avntisdouga
つるつるTV/ turuturuTV,turuturuTV,つるつるセカンド,turuni2525
ハイサイ探偵団,hittyaso
ハイサイ探偵団,hittyaso
東海オンエア,TokaiOnAir
テレぺガ/TVpegachan,TVPegachan
あしあと,asiatochannel,豆腐屋ちゃんねる,touhuyasannoSR
釣りいろは,kashimacitycom
釣りよかでしょう。,yoorai0121
東海オンエア,TokaiOnAir
TOMIKKU NET,jintomikku,TOMIKKU NET 2nd CH,MrTomikku
トムとマルクのゲーム実況チャンネル,DJPlay321,トムの実況チャンネル,MBTom98
おるたなChannel,torokeroTV,ないとーVlog,torokeronaitou
なっちのゲームチャンネル,natti0211MH
Nami Channel,namihashimotochannel
奈良岡にこ Channel,gotandanudiefashion
Narumi Shikiya,narumishikiya1009
実況者ねが本拠地,negaheyoukoso
はいじぃ迷作劇場,haijimovie
バイリンガール英会話｜Bilingirl Chika,cyoshida1231
はじめしゃちょー(hajime),0214mex,はじめしゃちょー2 (hajime),hajimexgame
釣りよかでしょう。,yoorai0121
はっちゃんねる,hacchannel88
ぱぷりかチャンネル,paprika0509
ハイサイ探偵団,hittyaso
北の打ち師達,yuusantosasaokahiro,北打ちどうでしょう,felt0505
HIKAKIN,HIKAKIN,HikakinTV,HikakinTV,HikakinGames,HikakinGames,HikakinBlog,HikakinBlog
ハイサイ探偵団,hittyaso
よかろうもん,TheDaichiNet
HiROKi,HiROKiMovies
PDRさん,PDRKabushikigaisha,PDRさんのゴミ箱,pdrsannogomibako,Just Duncan,justduncannohiro,ViolentElfDoomsday,ViolentElfDoomsday
ふうはや,fuughaya
北の打ち師達,yuusantosasaokahiro,北打ちどうでしょう,felt0505
フジ工房,thefujifactory
ぷろたん日記,protein1214
パオパオチャンネル,bunkei1113
ぺいんとチャンネルゥ,peinto1008
へきトラハウス,TNS24ch
Fischer’s-フィッシャーズ-,MASAIandHamzael
ポッキー / PovkySweets,pockysweets
ポルンガ/ガチゲーマー実況者,oXpolungaXo
つるつるTV/ turuturuTV,turuturuTV,つるつるセカンド,turuni2525
まぐにぃチャンネル,maguro29movie
ハイサイ探偵団,hittyaso
Fischer’s-フィッシャーズ-,MASAIandHamzael
ハイサイ探偵団,hittyaso
よかろうもん,TheDaichiNet
MasuoTV,MasuoTV,MasuoGames,MasuoGames
まつだ55 /matsuda55,taride008
トムとマルクのゲーム実況チャンネル,DJPlay321,マルクの実況チャンネル,MBMarc1997
三浦TV,jibanyan
みにきゅーとくら部（みのりん）,minicuteclub
mimei,mimei
ぐっちの部屋（ミラクルぐっち）,guccinoheya
東海オンエア,TokaiOnAir
釣りよかでしょう。,yoorai0121
MEGWIN TV,megwin
megumi sakaue,MEGUMIbernadette,Megumi Games,megumigames
メンタリスト DaiGo ,mentalistdaigo
もこうの実況,mokoustream
Fischer’s-フィッシャーズ-,MASAIandHamzael
もるさん,TheMorusaism,Morusan2chG,Morusan2chG,Morusan2ch,Morusan2ch
ハイサイ探偵団,hittyaso
やま猫＠きたくぶ,yamaneko4258
よかろうもん,TheDaichiNet
釣りよかでしょう。,yoorai0121
東海オンエア,TokaiOnAir
釣りよかでしょう。,yoorai0121
ぽこにゃん,pokonyan1185
ハイサイ探偵団,hittyaso
釣りよかでしょう。,yoorai0121
アバンティーズ,avntisdouga
つるつるTV/ turuturuTV,turuturuTV,つるつるセカンド,turuni2525
東海オンエア,TokaiOnAir
レオンチャンネル,LEON1CHANNEL1,ミニレオンチャンネル,LEON1mini1
レトルト,retokani
6面ステーション,6MEN47
MAHOTO,newSASHIMAN
ヲタファ/wotafa,wotakufighter2121
Fischer’s-フィッシャーズ-,MASAIandHamzael
