"",""
"あいり ,あいりとコクーンの日常","UC4-TMrb7Mm4KnYx1VsUgcJA,UCnlbMoZfyDXXirr-qGiIq2g"
"赤髮のとものゲーム実況チャンネル!!,赤髮のとものサブチャンネル","UCEIMvzf3R9d3_2A3IAajvHg,UCq44eNlrF-7VsVQ6i5on-pA"
AK in カナダ｜AK-English,UCWdFb_w3JI1BPTiBCXERg2Q
"AKI GAME TV,AKI","UCiotlpambU2VW-eM-B2MTcg,UCV8yqCSuTthkle2YEYYIA7w"
はらぺこツインズ,UCD-1TFnqeSem13xk52_wPBw
"プリッとChannel,プリッ2","UCg9mwxF0uacG3Q4N91wo2TQ,UCwFPk397w7Dg5gi6vd-1Xcw"
あさぎーにょ,UCqD72KlQed6DB-cPEaEYdEg
"",""
いろはのいろは,UCSXXJaYP3BFljsr-m5wi32A
あっさりしょこ,UCz0aC9z3kXruRHULDqFRuVA
"《あつし》Channel,《あつし》と猫ズのさぶちゃんねーる！","UCljUAjufNh7VI0yElcAdlhg,UCIS8BB4C2cuzeILjQV9pxGA"
"",""
渥美拓馬/Takuma Atsumi 2,UCBqyhgvzbzyqzvty4w-0Ihg
テラパンのアジト,UCP3nNjaKVS3k4jFmDQJR5mg
ANIJA DRiVE CHANNEL/2BRO.,UCzSi25RJfQNtQzXNYQUAcNA
"",""
ani haha,UCyeh3wnN52YJ7emqgCzk4UQ
"",""
アブ LIFE,UCEGO0FhAcf4MWV4IAtsY-aA
"ハイサイのゲーム実況,ハイサイ探偵団の休日","UCrq5Hcn6IiKqvyb8vTr0sbA,UClyvSlm-AkWi-OyuUZ9p6Rg"
"",""
"しばなんチャンネル,しばなんと一緒！","UColoXxvhfz54o0icqQRPzYw,UCAne8GG-iUcTzUkpQG4N7jw"
あやのってぃ ayanotty,UCVfjAtpZtEtqVZD5yCeS1WQ
"池田真子 MakoChannel,池田セカンド 池田真子,ママライフチャンネル","UCPJOCEIyI3gxXbTqKSsViqg,UCwZzRDABUBlSTSPbX2U3WAQ,UCxN3hEJUxB4po1EBlfn1-hQ"
"QuizKnock,QuizKnock会議中【サブチャンネル】","UCQ_MqAw18jFTlBB-f8BP7dw,UCdvci38aZHC_5qKPyL8BPcA"
ぽけっとうぃず222,UCuCGovZagRDvSlyfVuVLCjA
"禁断ボーイズ,禁断の素人ゲーム実況","UCvtK7490fPF0TacbsvQ2H3g,UCgY7ZuKqLG_QSScSkPxe1NA"
いろはのいろは,UCSXXJaYP3BFljsr-m5wi32A
"ボンボンTV,ボンボンTVの日常,キッズボンボン ","UC6VSFaHYbR-bhNer7DXxGNQ,UCIU_1WDzifvGu16qzFcKAEA,UCFRbBdmVBHA7PeAuctRx1rQ"
imigaちゃんねる,UCDVAZhZdPMoqTNPCX2Hp-0w
"ウマヅラビデオ,ウマヅラのワキ毛チャンネル","UCvral4FSI9dOOUV-yRloawA,UC1uHbAbleaXjfegbmFV9TVQ"
"ヴァンゆんチャンネル/ Powered by VAMBI,ヴァンゆんのサブチャンネル","UCftut9Z6S48igRNSQRDpCCg,UCV5LYxs4mcMK2e6R13kZQFQ"
ウタエル utael,UCHvFSU5OP6c7QcJxIr87YtA
"ウマヅラビデオ,ウマヅラのワキ毛チャンネル","UCvral4FSI9dOOUV-yRloawA,UC1uHbAbleaXjfegbmFV9TVQ"
2ndアバンティーズ,UCE1Egv5ioKZKQWBg9w1YyNA
"キットチャンネル,オールキットチャンネル,エラズキッチン","UCyWRXFYbDydMdzcBX2G8xNg,UCdk4W9JxJcmWT-vIHPLGubQ,UC88qCWdzuAaOWh0fB-_GwGg"
"えっちゃんねる/悦子,えっちゃんねる/放課後,ボンボンTV,ボンボンTVの日常,キッズボンボン ","UC3LAEwEhZ0Yn3l4-WatZo2Q,UClqYauN21JCrxWF6J3STDgw,UC6VSFaHYbR-bhNer7DXxGNQ,UCIU_1WDzifvGu16qzFcKAEA,UCFRbBdmVBHA7PeAuctRx1rQ"
エ.com（エド）,UCjb0R_WvdiaYQkcycsZ2rIA
エマチャンネル,UCVe-gDdF0FNj9e_dXrI7A-Q
エミリンチャンネル,UCq3YtFr5JWvID4iK9HyrM3Q
"えむれなチャンネル,えむれなチャンネルセカンド","UCdK3LnMrq1-4MZteb-v5i5g,UCfDraCf7NoQwHpOBRSwhmuQ"
"",""
"AJ UNITED,AJ UNITED[SUB]","UCUYqb8GPUo7r5nY9F2wNRCg,UC5aUyM3Q4blqYTzPaTqhwUg"
大関れいか Reika Oozeki,UCw4rgKXKVbmWmuVV8W26pVw
"オサミンティヌス3世,オサムのうた","UCSxwU949ET-h5aRYYKlVTfg,UC_IFf-9qHWQmaAEkLjlD5eQ"
"ハイサイのゲーム実況,ハイサイ探偵団の休日","UCrq5Hcn6IiKqvyb8vTr0sbA,UClyvSlm-AkWi-OyuUZ9p6Rg"
"Ojisan【おじぽん】,【おじぽんのサブぽん】Ojisan","UCz_rmx0e00_ECzogaLvupGQ,UCcacfsdXtD3UcaGHjWkaBXQ"
"オダケン,オダケン / Odaken","UCSdiXqnTXy6hukTURUIZbIg,UCuRPhJqqEq0FNP4PpLWDv6w"
"プリッとChannel,プリッ2","UCg9mwxF0uacG3Q4N91wo2TQ,UCwFPk397w7Dg5gi6vd-1Xcw"
おついちTube,UC6KnFuHBByTI20VENcsoNjg
"",""
"よさこいバンキッシュ,よさこいの宴会場","UCG4fqU419F_vnBkIfSyR9Yg,UCF8q7OIhzDHQBWFSh8WXQDg"
ぽけっとうぃず222,UCuCGovZagRDvSlyfVuVLCjA
時代が俺に追いついたGames,UCecVoifi6iXwt18rWe_gLKA
"カイトです,カイトです？","UCPfYY5S3_RM6aKxBeM9xMcQ,UCl5fNDF9MZPfYwhMQ4YsSpQ"
"会社員J,회사원B","UCN559lrbV9wt46NwlnPJtPw,UCKitX3MzbFuVJHoRiYQwEpw"
ガイモン,UCHLHfhCJ97jFIHP8csn_oXw
かおる 카오루 TV,UCRrXCfxt0PnTm8xhMRUH1fA
はらぺこツインズ,UCD-1TFnqeSem13xk52_wPBw
"カジサック KAJISAC,カジサックの小部屋","UC642pLj4GXSj-0Ybdx3ytmA,UCdEpbrlHoqnUGMRy2LICtRw"
"",""
"いんちき姉妹。,いんちきさん。","UC9YGwNAnBTgDzOoyLlpVQdg,UC1_3OQb-X_bphsLsmNyvkhQ"
"KAZUYA CHANNEL GX 2,Kazuyaの旅チャンネル","UCALByahW47ArHcFH7EDeeFg,UCl22menldFyd1RH0B5qkDaw"
"",""
かつまたんKATSUMATAN/,UCUbiVx1o0sm2qC2HOIFq2_Q
かとみかちゃんねる,UCsOAQ504BwQYh1wsE-gIoSg
"キットチャンネル,オールキットチャンネル,エラズキッチン","UCyWRXFYbDydMdzcBX2G8xNg,UCdk4W9JxJcmWT-vIHPLGubQ,UC88qCWdzuAaOWh0fB-_GwGg"
きまぐれクックのサボり場,UCEAvwlv0ZtJrSsgaA2CewOw
"かねこあや,かねこあやのたれながし","UCCKVVZ8SvuAYi5LXwXHe7BA,UCOQSegYJxRfNAxUtl6w70Rg"
華音チャンネル (Kanon),UCB48i-3A65IN7bIY0LhhTbw
"カブキン Kabukin,カブキンの素顔 [すがチャン]","UCAUefZUdVMVoCykeuwQMQPw,UC_fH31Av4fuM0Ye-tDdrBUA"
"がぶりえるGabriel,ガブりえる – Gabriel –","UCtVkiulFFYJN3kQogXGHdvA,UCAgFS6ZveSICvsHl3OavCrw"
"レイターズ,遅刻しないレイターズ,レイターズと一緒に遊ぼっ!!","UCdcyRKYuKnUr7dgs8ZkIzKg,UC9KTwzWIqhhfUu5UwciLtzg,UCQu9rfek5r5_sUlDPwy7t4Q"
"かやくま kayakuma,サブくま sabukuma","UC8X6Cb-pumA1CNkd3K-lCyA,UCLwRAdJXKAzTH0KpeObTiWw"
POTATO TV – couple –,UCoWXtx0aMvYILywj9IdmV7A
カルマ【KARUMA】,UCUnLtMTXZfrSeTJfO-N5NfA
ポイズンスパイスdays仮,UC4rP0NRGlrxRIXNeO9xLR3w
"LOVECARS!TV!,Life Goes On TV","UCtLo4nwb3ObCDZ4m8b8u7fA,UC-kIxEIqYxnSshTVwg9q4Og"
"Kawanishi Mikiかわにしみき,みきぽんのじゆうちょう。","UCgpq8b6bCzkSLquNQeSE6QQ,UCpvjh6V8l1oCztJZoZNHzSg"
"水溜りボンド,水溜りボンドの日常","UCpOjLndjOqMoffA-fr8cbKA,UCaTFX7ckdowpnwHWcJGH2KQ"
"るぅきぃ夫婦,るぅきぃサブ","UC01H1jIT41AtOOj2T5YG3IA,UC8Lwy1hf6kt39oAdgvOfiAA"
ぎこちゃん,UC0cpUGlqr4YlEmRG7543dEg
いろはのいろは,UCSXXJaYP3BFljsr-m5wi32A
"きぬちゃんねる,きぬサブ&ゲーム","UCndOUEEJsZf1gwIjegcd1bw,UCc9OAcTfTdA57v91THXf8MA"
木下ゆうかのゆるちゃん!/YukaKinoshita 2nd,UCjpPqow_Rlv0A9RePeJ6nAA
"釣りよかHOUSE,釣りよか飯,げーむよかでしょう","UCD7-Ocp4InwPKzwiq_U-Abg,UCRT-74ovdMKOFBC96w_gfyQ,UCppjHa3U0tTB_0nRME0qHnA"
"",""
"きょんくま,お隣のきょんくま,きょんくまペット","UCFKSFhVMtIu7akVuxPtXtQw,UCVKQO4lPAI6QV5iAukIRKXw,UCNmjwhgOA8QM9-gqypc1S_w"
"恭チャンネル,恭一郎のゲーム放送局","UClX3YSREJp3ELuv2wFAYOzA,UCXlurN679Hgl2UxJAX493QA"
桐崎栄二2222222222,UCubvrNZIuYcL15GU39rw9Lw
きょうぺいちゃんTV,UC0_nOHqfcBd8Jzx9YGXJ6AQ
"STスタジオ,STゲームスタジオ,STスタジオの楽屋","UCTZT_Lm9vlqNR0eZMO_nLYQ,UCmcDslUdKX94z1FhVb9MLhw,UCtliRLoTilgG-_SCwLJGJnQ"
"きりたんぽ,。さぶたんぽ","UC0elp2101KAxbaAMzInGerA,UCi-VeNo-6P6CKZtlIwbv3pQ"
キリン【考察系youtuber】,UCZ6AXSKWO2AIi5RkSRlPP2A
"ヘンジンマジメ,ヘンマジの日記","UCa7T4-uTZ9G2OOfKeIcIf-A,UCmBbDn7EsU1atGFzwA9Y2Pw"
ユーチューバー 草彅チャンネル,UCMo5MECD5pwhUVLaMqZo5Xg
"楠ろあ,気分屋ですがなにか?","UCvS01-HQ57pnIjP4lkp58zw,UCeHdtUWHMcQ1JBYDde3aXJw"
"ぐにすけちゃんねる,国助さん","UCg_Wchs_AGoHrlayD_rhO0Q,UCX6olstM3FNJ1Kxvr7Z5fyw"
久保田クッキング,UCAk6x9HQlsKDISWA_qW7jLg
"きょんくま,お隣のきょんくま,きょんくまペット","UCFKSFhVMtIu7akVuxPtXtQw,UCVKQO4lPAI6QV5iAukIRKXw,UCNmjwhgOA8QM9-gqypc1S_w"
"PACHI PACHI FACTORY ofisial channel,Kumamiki English Channel","UC8FCFBxdbCPq0qUXEV0lxag,UCyFMZRowMAYze7nfNjkIyMw"
くらうんっ!さぶちゃんねる,UCLYfj_MmswBc9R5la5fCTuA
日常箱,UC92ddxxI32pk-5ZDiQjJb6A
クーニンズさぶちゃんねる,UCgx5ymxhPZ6W3MMkvBXPPKQ
Toys Factory k2eizo,UCMhIu_KwMnSIux2mBvE_fgQ
"kemio,Kemio ひまなう","UCdqmGeaJIczU3-ZTdBv7JaQ,UCv0HDdSSya2jO-hH5TT3dmw"
"げんじ/Genji,げんじ fashion blog,げんじ/women","UCXrp0H7BPBHx2YTYMiiKEAA,UCheQrxcAGbLeghL0lLj-HMA,UC9RH6iJ_sZh2xsEeZkOhb9A"
"",""
"すずしょうと,diaryすずしょうと","UCQl75_ZOEV_pu6kzspZ-Bug,UCNVLf9m73-oirZ1FqGL5Hhg"
"TWINS/ツインズ,ツインズと夜更かし,にゃんねる","UC0JR9ZTJIvB9VX8xz7LyujA,UCA1V-lK7ZyuG2ipebclJ5Jg,UCb_CkUzhPsHXdrpQl9Zg5aA"
"NOBLEMAN[ノーブルマン],NOBLEMANの裏垢","UCSHc05m3seGiDBH6ZChd1xA,UCQmK3pMRaG3OzWefTvXcD8w"
"ゴウキ/Gouki BOOK,ゴウキゲームズ /Gouki GAMES,ゴウキTV/Gouki TV","UCsX8MJHEI5UukXoF3HLnTvg,UCkWVo6zrD092Om7sL5jpFmA,UCHgDObHXFznc-LcedepGBDQ"
"こうじょうちょー,ガチャ子無課金","UCOZ7Kq5_VWBC-TtteAcsRBg,UCOi1BofCfummbKvUfwv5UmQ"
kosuke,UCHTWZvJOz1pPedcZNe6QBwg
"こなん,気分屋ですがなにか?","UCgHEUGUX_tuGvIZU8o7phpw,UCeHdtUWHMcQ1JBYDde3aXJw"
"こばしり。,こばしりはゲームがしたい。","UC4GMLPKC8TgfW1BtJ-0vf-Q,UCjWthOL2qhSJghqkmBYXmbA"
"こまちゃんねる,こまちゃんねる 2nd","UCweCECBWbuYib1DdGib35rA,UClh1CPPdsfze26V3L5QUICA"
"",""
ブチかまし,UCYs35nWy7aTUBA4w8LcSCjQ
"夕闇に誘いし漆黒の天使達,夕闇に誘いし漆黒の楽屋","UC169FIKMFQKr1n65N3UcQag,UCLiTIZKujQedn1jQ5G8Anfg"
"コレコレチャンネル Kore Tube,コレコレサブチャンネル","UCgOfjIl0I_oG7VxIoaKaRsw,UCPHChzs3MP7X5BXa1eBaz0g"
こんどうようぢ,UCWXaDVBd_m1Ss2ejwWHkhHw
"こーく-不透明-,こーく-半透明-","UCmf7Dx0R4JpsS1XZH45SLnQ,UCmK1vT38RSrYYYfmzREo7lw"
"",""
"CO-DAのぐっばいちゃんねる!,CO-DAのさぶちゃんねる!","UCSrnV0SB1W2mYW4YMc9VTmg,UCDngR1z4uuLkceHPooAKOaA"
テラパンのアジト,UCP3nNjaKVS3k4jFmDQJR5mg
"JULIDY,JULIDY LIFE","UCh1K2JtxIZLnUaTPlxPPzjw,UCEXkl-XyMxesCz2nTACFGrg"
ノーブランド,UCE-g39lR3y7_aG-_K0bwqlg
さーちゃんねる,UCv8yLlZxCN4eTcsIv-H5lDA
sasuke,UCANAGvMwJW8cpYH-OXE2Ryg
"プリッとChannel,プリッ2","UCg9mwxF0uacG3Q4N91wo2TQ,UCwFPk397w7Dg5gi6vd-1Xcw"
"さぁや saaya,さやぴんく（さぁや2nd）","UC69xoWl5-Y3m-oRFTORIbKw,UCCCKcdrIq6GXF2-IRJh3kNg"
"サイヤマングレート,サイヤマングレート2号","UCCJel9mmTsxDU9RiCwdiLiA,UCVz4g60SeNAFnKdrBgcBLxQ"
"レイターズ,遅刻しないレイターズ,レイターズと一緒に遊ぼっ!!","UCdcyRKYuKnUr7dgs8ZkIzKg,UC9KTwzWIqhhfUu5UwciLtzg,UCQu9rfek5r5_sUlDPwy7t4Q"
Fischer’s-セカンダリ-,UCs4KWxdP-lRc-dgLXE5i8Wg
6面ステーション2nd,UCs2j_RsRnPcHF8hiyXbmYEg
"桜 稲垣早希チャンネル ,桜 稲垣早希の2号機チャンネル","UCQkSmfjLdzcKA95jJwAYbSA,UCym95lGb6OvPyu6u0VmWGRw"
ひじフォルニア,UCCuBSi2BjBLKPd2g7pN7mdg
sasakiasahiVlog,UCZvbol2FjFRiqc0hwIvpmMQ
さとちんゲーム,UCbBTdVltXwO0RNXspL-izQg
さとみ,UC-1uvY3U4sMSGi52IcT_fWQ
"レイターズ,遅刻しないレイターズ,レイターズと一緒に遊ぼっ!!","UCdcyRKYuKnUr7dgs8ZkIzKg,UC9KTwzWIqhhfUu5UwciLtzg,UCQu9rfek5r5_sUlDPwy7t4Q"
ぽけっとうぃず222,UCuCGovZagRDvSlyfVuVLCjA
サヤチャンネル,UCozJhjoieNVOsyQxm7wwqEw
コスメヲタちゃんねるサラ,UC_226ocwA3qmdpY2umXy9bA
"ハイサイのゲーム実況,ハイサイ探偵団の休日","UCrq5Hcn6IiKqvyb8vTr0sbA,UClyvSlm-AkWi-OyuUZ9p6Rg"
三年食太郎,UCuwOrlOunCKz6-U4RG9Hv5g
椎名あつみ,UClkm3StHgRznum3JgCoWQ6w
jetdaisukex,UCIFHQXx6Zw9b15a8cwC6WMg
ジェニー JENNI,UCsVtT0DHmb5GXCZZ7-4PRhg
"NOBLEMAN[ノーブルマン],NOBLEMANの裏垢","UCSHc05m3seGiDBH6ZChd1xA,UCQmK3pMRaG3OzWefTvXcD8w"
channel Shii,UCEOMQ3D4rF07TdItiXC_quA
"SIT/シット,SIT 2nd","UC9nM3v1ZWwALi0vsVuS_v5g,UC5a4sRhY_TSWr6O0sFT3OUQ"
"",""
テラパンのアジト,UCP3nNjaKVS3k4jFmDQJR5mg
"プロレスリングシバター（サブ）,パチンコ・パチスロ日本代表ｃｈ","UCnM1r0x0FAVkLHTI59oZTRA,UCSeDpnnXFVbLEbbvFvEEqKA"
"東海オンエアの控え室,動画アップロードチャンネル,しばなんチャンネル,しばなんと一緒！","UCynIYcsBwTrwBIecconPN2A,UC1xd0cAOryAMTTG34joEgdg,UColoXxvhfz54o0icqQRPzYw,UCAne8GG-iUcTzUkpQG4N7jw"
"おるたなメイキング,おるたなGames","UCOEv66G1hFW5P4ymboQOgJw,UCk37bOZuK3wOYOJuILaQb7g"
いろはのいろは,UCSXXJaYP3BFljsr-m5wi32A
6面ステーション2nd,UCs2j_RsRnPcHF8hiyXbmYEg
"JPAPA CHANNEL,じゃぱぱのサブチャンネル","UCh7bThzNArch6TgoHB1HVhA,UC_By2hEN8DiDLpfpDv-PJAw"
syamu,UCndPTRRme85svqTEhT14-Iw
"",""
"AJ UNITED,AJ UNITED[SUB]","UCUYqb8GPUo7r5nY9F2wNRCg,UC5aUyM3Q4blqYTzPaTqhwUg"
"ジュキヤ/Jukiya,ジュキヤ/K-POPチャンネル","UCyFs_R4WYYUGYVzcnJyMHqg,UCJ4KA3XGizt-aNPjp4R_xyA"
しゅなたん / Shunatan,UCAX-dfsIV3mN8itLmGQyYgg
"",""
"JULIDY,JULIDY LIFE","UCh1K2JtxIZLnUaTPlxPPzjw,UCEXkl-XyMxesCz2nTACFGrg"
テラパンのアジト,UCP3nNjaKVS3k4jFmDQJR5mg
"ほしのこCH,じゅんたんCH","UCM_Ll26nXOkscq0YSpBmgyg,UCEbYfZcs04wkegIphcMPe_A"
"",""
"ハイサイのゲーム実況,ハイサイ探偵団の休日","UCrq5Hcn6IiKqvyb8vTr0sbA,UClyvSlm-AkWi-OyuUZ9p6Rg"
"すずしょうと,diaryすずしょうと","UCQl75_ZOEV_pu6kzspZ-Bug,UCNVLf9m73-oirZ1FqGL5Hhg"
"しょうじ,しょうじでSHOW","UC5iLPoX7jHrxhjg76eGMCLQ,UChZyj5zNyvSxzF5lSZNkRnw"
"プリッとChannel,プリッ2","UCg9mwxF0uacG3Q4N91wo2TQ,UCwFPk397w7Dg5gi6vd-1Xcw"
テラパンのアジト,UCP3nNjaKVS3k4jFmDQJR5mg
"ZyonMana,ZyonMana Gaming,ZyonManaMini","UC5cDspT0XR1E3GpwVyOnwAA,UCyE43o9w2R2427Sb1FtNkhQ,UCEhLWMu8dXuyefEPqbMcIVQ"
ジョンレノ,UCpr2WHYQX3KzAd7aRlAJ2SA
"ジョーブログ【CRAZY CHALLENGER】,ジョーブログ2nd","UC1zsShDyJp8AafQu9BPo1PQ,UCZ8HFEKYXxVwjaQ7VIK69jg"
ジョージとジロー,UC3gacr7ZpY9Lwi184c5zi1w
Fischer’s-セカンダリ-,UCs4KWxdP-lRc-dgLXE5i8Wg
"",""
ジョージとジロー,UC3gacr7ZpY9Lwi184c5zi1w
"",""
"スカイピース,空の平和島,JIN DA HOUSE","UC8_wmm5DX9mb4jrLiw8ZYzw,UCn_cpHcrXjG_XnH9N3fO6qA,UC5VZjrV5x9J9mTyGODzu0dQ"
"SUSHI RAMEN [Riku],すしらーめん [2nd]","UCljYHFazflmGaDr5Lo90KmA,UC78zfX-wGho3o6MrrnzLzMw"
"SUSURU TV.,SUSURUのミッドナイトTV.,SUSURU TV. English","UCXcjvt8cOfwtcqaMeE7-hqA,UCVdjYnmDsyiUcpcryI-k6ZA,UCnZolrxDDJ5xc27iZm3JXSw"
鈴川絢子 2/ Suzukawa Ayako 2,UCoA7mJcwPivBNkrCWnTdo_A
"すずしょうと,diaryすずしょうと","UCQl75_ZOEV_pu6kzspZ-Bug,UCNVLf9m73-oirZ1FqGL5Hhg"
"よさこいバンキッシュ,よさこいの宴会場","UCG4fqU419F_vnBkIfSyR9Yg,UCF8q7OIhzDHQBWFSh8WXQDg"
Supaga,UCyrHso0lU5RUoXXPinIYe_w
いろはのいろは,UCSXXJaYP3BFljsr-m5wi32A
"。ふぁるこんとめてお,ふぁるめての夏休み","UCSKDnQoP6LoyH9GK0mYThVA,UCNGLyQya2l58MXGHHmBt6gw"
"",""
"",""
整形アイドル轟ちゃん,UCIPKo-3YgwWFFEeagS-j30A
SekineRisa Hazard,UCUhNq3L3ZGiYPGST0yEHZ_g
"",""
せろりんね,UCxZ0BkYadR-0LtmkrHcFOvQ
"まいぜんシスターズ,臆病まいぜんのホラーゲーム劇場","UCM3yhFc0-fBFuvqx1Vg2YNQ,UCS79iNbQdnXIiTAvVNlt7dQ"
"まいぜんシスターズ,臆病まいぜんのホラーゲーム劇場","UCM3yhFc0-fBFuvqx1Vg2YNQ,UCS79iNbQdnXIiTAvVNlt7dQ"
"STスタジオ,STゲームスタジオ,STスタジオの楽屋","UCTZT_Lm9vlqNR0eZMO_nLYQ,UCmcDslUdKX94z1FhVb9MLhw,UCtliRLoTilgG-_SCwLJGJnQ"
"総長ウララ,＃ウララ飯","UCmJnG5cRJ-LNKpaq6kVQX_Q,UCJm1TQZcTKWjT9T09gO_EiA"
ポイズンスパイスdays仮,UC4rP0NRGlrxRIXNeO9xLR3w
2ndアバンティーズ,UCE1Egv5ioKZKQWBg9w1YyNA
そわんわん,UCQQ72lKDN01Qs-3Qdtvp6XA
"STスタジオ,STゲームスタジオ,STスタジオの楽屋","UCTZT_Lm9vlqNR0eZMO_nLYQ,UCmcDslUdKX94z1FhVb9MLhw,UCtliRLoTilgG-_SCwLJGJnQ"
Daichi Game,UCCb-tODLrOA5sdI9AoPBa_A
はじめしゃちょーの畑,UClKeJXipXwX7_ZGxOBnMQyw
"",""
たかねんわーるど。,UCB10yM5qyQpNsMNDQ1VHxKg
"",""
"",""
"ハイサイのゲーム実況,ハイサイ探偵団の休日","UCrq5Hcn6IiKqvyb8vTr0sbA,UClyvSlm-AkWi-OyuUZ9p6Rg"
サブヤキ翔,UCEjJ_AtdruTDcKoQ-oor7Kg
"",""
ダチョー,UCxJXwYLqwpT7ZOw8Qy4eqJw
"STスタジオ,STゲームスタジオ,STスタジオの楽屋","UCTZT_Lm9vlqNR0eZMO_nLYQ,UCmcDslUdKX94z1FhVb9MLhw,UCtliRLoTilgG-_SCwLJGJnQ"
"たっくーTVれいでぃお,たっくーTV","UCkkxn2ldlFUMupTlXU8meAw,UCFYfhDylHK-gFSXjtNr8dYQ"
テラパンのアジト,UCP3nNjaKVS3k4jFmDQJR5mg
"たつやTatsuya,たつやの裏側【サブちゃん】,たつやGames,緊急連絡たつや/","UCQj5ojxvk3W9Z6pQM0RUS9g,UC6U4IswdH9Vlh0wQBKyC_Nw,UCkYKtq0p7a_o5J47NKD1_oA,UC4gnxOAZUzMZlr-MXg37piA"
"2すとりーと,週刊2すとりーと","UCKMPD3bU5jx_2zqtLqCuOdQ,UCc3xkqXcb4d7xAIclz4wzWA"
ブチかまし,UCYs35nWy7aTUBA4w8LcSCjQ
"禁断ボーイズ,禁断の素人ゲーム実況","UCvtK7490fPF0TacbsvQ2H3g,UCgY7ZuKqLG_QSScSkPxe1NA"
はじめしゃちょーの畑,UClKeJXipXwX7_ZGxOBnMQyw
"/谷やん谷崎鷹人,谷やんの夜食channel","UC1-4AnMxkLXLNL3-7UJ4KTQ,UCQotWQghqTLWXNS2UfWVWig"
たむちん/Tamutin GamiNG,UCpmrBp4Rbz_Ft_UtY3weeMQ
"",""
"",""
"STスタジオ,STゲームスタジオ,STスタジオの楽屋","UCTZT_Lm9vlqNR0eZMO_nLYQ,UCmcDslUdKX94z1FhVb9MLhw,UCtliRLoTilgG-_SCwLJGJnQ"
Fischer’s-セカンダリ-,UCs4KWxdP-lRc-dgLXE5i8Wg
るーまえ,UCuvtzqgu0ZNg0bXxmyDUjOg
Chiaki,UC1ToVxtUzre1zhpTVxsSh5Q
chiimeloちいめろ,UCvkWfTGdqAz8N3nJfNay-cA
"CHIHAYA,実写ちはや","UC_5eGybsOn6K81s8ORBxCFw,UCas_B6hWKG-T_z1WXrLC72w"
"夕闇に誘いし漆黒の天使達,夕闇に誘いし漆黒の楽屋","UC169FIKMFQKr1n65N3UcQag,UCLiTIZKujQedn1jQ5G8Anfg"
"【レペゼン地球】公式,【レペゼン地球】曲チャンネル","UC3eTZ5Yld6qufD6rtEiERdw,UCxMLTQETeHIB2WGuTOG5wJA"
ちゃあ/chaa’s,UCmol_xpWkIbQU0ZCuinqpQA
ちょめ,UCAUMd2VQNG7tjB-61pv04fw
TUTTI,UC9IJyg3eVynIJ-E6W2k1yHw
つちのこゲームズ,UCxNjRQKDk_-bVWC0VQFIJzQ
つばさブロー,UCGzgKurBk66FKNJiBkTvAHg
2ndアバンティーズ,UCE1Egv5ioKZKQWBg9w1YyNA
"",""
"ハイサイのゲーム実況,ハイサイ探偵団の休日","UCrq5Hcn6IiKqvyb8vTr0sbA,UClyvSlm-AkWi-OyuUZ9p6Rg"
"ハイサイのゲーム実況,ハイサイ探偵団の休日","UCrq5Hcn6IiKqvyb8vTr0sbA,UClyvSlm-AkWi-OyuUZ9p6Rg"
てぃーみきちゅーぶ。,UCSn6VeydXVr-4XtPb8LhPmA
"【レペゼン地球】公式,【レペゼン地球】曲チャンネル","UC3eTZ5Yld6qufD6rtEiERdw,UCxMLTQETeHIB2WGuTOG5wJA"
"【レペゼン地球】公式,【レペゼン地球】曲チャンネル","UC3eTZ5Yld6qufD6rtEiERdw,UCxMLTQETeHIB2WGuTOG5wJA"
"【レペゼン地球】公式,【レペゼン地球】曲チャンネル","UC3eTZ5Yld6qufD6rtEiERdw,UCxMLTQETeHIB2WGuTOG5wJA"
"【レペゼン地球】公式,【レペゼン地球】曲チャンネル","UC3eTZ5Yld6qufD6rtEiERdw,UCxMLTQETeHIB2WGuTOG5wJA"
"スカイピース,空の平和島,テオくんホーム","UC8_wmm5DX9mb4jrLiw8ZYzw,UCn_cpHcrXjG_XnH9N3fO6qA,UCj6_0tBpVpmyYSGu6f-uKqw"
"デカキン Dekakin,デカとも（デカキンサブチャンネル）","UCg_m2ahbG9grCTh05T9kRog,UC4zVGgJY4hxfKgcCqx9QXaA"
"東海オンエアの控え室,動画アップロードチャンネル","UCynIYcsBwTrwBIecconPN2A,UC1xd0cAOryAMTTG34joEgdg"
"",""
"てんちむCH/ tenchim,ちゃんてんちむち子,すーぱーてんちむ/むち子","UCXzU-b8I0Y_fhMkLQMYt3vA,UCpaS2QO6XWA6LJ5kcKB_Hgg,UCvWHrKGNCgiPrV4OAUKIS8g"
"遊楽舎ちゃんねる,遊楽舎のロッカー室","UCHkxn-9n6Z3yQzg5fZgc0tA,UCQVJ3jG0hgJ32M_MhajBQAg"
"",""
"Togimochi Koreaとぎもち 토기모치,とぎもちセカンド／togimochi2","UC8x_GQsqwLvglizV7xRckpw,UCa8wiOHbH6jskgnizFlO5Qg"
いろはのいろは,UCSXXJaYP3BFljsr-m5wi32A
"釣りよかHOUSE,釣りよか飯,げーむよかでしょう","UCD7-Ocp4InwPKzwiq_U-Abg,UCRT-74ovdMKOFBC96w_gfyQ,UCppjHa3U0tTB_0nRME0qHnA"
"東海オンエアの控え室,動画アップロードチャンネル,としみつ東海オンエアの","UCynIYcsBwTrwBIecconPN2A,UC1xd0cAOryAMTTG34joEgdg,UCDFxQgB9Dc_MzxiEKjozWwg"
はじめしゃちょーの畑,UClKeJXipXwX7_ZGxOBnMQyw
TOMIKKU GAMES,UCknbQ56T1Csdiv6S3EXjZyw
"水溜りボンド,水溜りボンドの日常","UCpOjLndjOqMoffA-fr8cbKA,UCaTFX7ckdowpnwHWcJGH2KQ"
"",""
"夕闇に誘いし漆黒の天使達,夕闇に誘いし漆黒の楽屋","UC169FIKMFQKr1n65N3UcQag,UCLiTIZKujQedn1jQ5G8Anfg"
"とらいあんぐる,とらいあんぐる2nd","UC5l9qmpr3ym8BpyKCHio5kQ,UCerwWTz_TXzhOFDt0XZjUHA"
Dracöがたべしなに。,UCQUA8cPZgNoYEW2OgX482ng
"トラゾースタジオ,日常箱","UC3aT6KnZ_LuewG3WRZn9O-A,UC92ddxxI32pk-5ZDiQjJb6A"
"プリッとChannel,プリッ2","UCg9mwxF0uacG3Q4N91wo2TQ,UCwFPk397w7Dg5gi6vd-1Xcw"
"おるたなメイキング,おるたなGames","UCOEv66G1hFW5P4ymboQOgJw,UCk37bOZuK3wOYOJuILaQb7g"
"Naokiman Show,Naokiman","UC4lN5sizuJraSHqy99xTy6Q,UCT9cFrlnfy1-XLf0Vuy0Zzw"
ナスDの大冒険YouTube版,UCDPFIRDYR3hOVQGK50btVIQ
"",""
"ボンボンTV,ボンボンTVの日常,キッズボンボン ","UC6VSFaHYbR-bhNer7DXxGNQ,UCIU_1WDzifvGu16qzFcKAEA,UCFRbBdmVBHA7PeAuctRx1rQ"
"ななとGames,ななとサブ","UCXqocGp-RQ_sTw8EpPDg10A,UCccyAngdyKxm0-c9lsNI07w"
nanachannel,UCLO1yCo0gDgpXhyM0fXfXXA
"",""
"",""
"ボンボンTV,ボンボンTVの日常,キッズボンボン ","UC6VSFaHYbR-bhNer7DXxGNQ,UCIU_1WDzifvGu16qzFcKAEA,UCFRbBdmVBHA7PeAuctRx1rQ"
"",""
新希咲乃（にきさきの）,UC7MyccaiE4MYa9ERzqZYY4Q
"夕闇に誘いし漆黒の天使達,夕闇に誘いし漆黒の楽屋","UC169FIKMFQKr1n65N3UcQag,UCLiTIZKujQedn1jQ5G8Anfg"
にゃんたこ,UC6XdFs8T6Ei54O0FYl3PVVA
ぬーんチャンネル,UCQqOaSH8hh4NXYOopqiK4pQ
"ねおチャンネル,ねおとサブ太郎。","UClPLW-9Nfbvf76ksj-4c1kQ,UCNozp4HtBcMFRk14efxa3IQ"
ねがさんの日常,UCL2baZ3MAl4Ob8RlIioewyg
"ねこてん,ねこてん配信垢","UCI5qMix97T3tVZfxmHObDjA,UCMePJKT8Ep1UDJu6SCooywQ"
"のってん,のってんプチ","UCYnPDrzTc_r7a3tk1PaDU2A,UCcT-RnaAGDmdeJfM7CLbdXw"
"STスタジオ,STゲームスタジオ,STスタジオの楽屋","UCTZT_Lm9vlqNR0eZMO_nLYQ,UCmcDslUdKX94z1FhVb9MLhw,UCtliRLoTilgG-_SCwLJGJnQ"
はいじぃ第2劇場,UCGzK29d-uS0AoZvQLUNuDFA
ちか友留学生活,UCVVun6l51b35Azl_A7ChHSg
はじめしゃちょーの畑,UClKeJXipXwX7_ZGxOBnMQyw
"釣りよかHOUSE,釣りよか飯,げーむよかでしょう","UCD7-Ocp4InwPKzwiq_U-Abg,UCRT-74ovdMKOFBC96w_gfyQ,UCppjHa3U0tTB_0nRME0qHnA"
（株）はつだ,UCiot1jTaOKI6KHGpph751Nw
"はなお,はなおの日常","UCPyNsNSTUtywkekbDdCA_8Q,UCYeEDmOpvEtnKM6KSSqC4UA"
三納物語,UCBnD1sJRWEyKpfQydw1mkCA
"",""
ウタエル utael,UCHvFSU5OP6c7QcJxIr87YtA
"レイターズ,遅刻しないレイターズ,レイターズと一緒に遊ぼっ!!","UCdcyRKYuKnUr7dgs8ZkIzKg,UC9KTwzWIqhhfUu5UwciLtzg,UCQu9rfek5r5_sUlDPwy7t4Q"
はるあん,UCiMq2YMvF47o7K4FIZxkjFw
"ハイサイのゲーム実況,ハイサイ探偵団の休日","UCrq5Hcn6IiKqvyb8vTr0sbA,UClyvSlm-AkWi-OyuUZ9p6Rg"
"",""
"ばんのけ,柴犬カルパスくん","UCW6uQ8tQ0r8UY5ghbLOJ3qg,UC1uG7OTh6p1s-bv0T0kmCNw"
馬場海河 ばんばかいが ,UCUrZNkYO8SEEmuZwWdBRSzg
"日向結衣,2chひなゆい,日向結衣ゲームする","UCNS93jTKjnzNG7pYUCN5PrQ,UCM16L0QkMGSM2qlKeAx2giw,UCiOYZtwnpQuqz2wa0oyR-ig"
"",""
ヒカリナチャンネル EX,UCv7k2MRsY9sXIAWpCOvLCjg
"ヒカル（Hikaru）,ヒカルしゃちょーのひとり飯,ヒカル2ndチャンネル,Hikaru Games","UCaminwG9MTO4sLYeC3s6udA,UCzVaupa8VNfVXxkYJibizlw,UCvc33FeURfaIN5M8x9wGVjQ,UCVpGiJmXoTpjrpkVEAfbpHg"
"ハイサイのゲーム実況,ハイサイ探偵団の休日","UCrq5Hcn6IiKqvyb8vTr0sbA,UClyvSlm-AkWi-OyuUZ9p6Rg"
ぴゃんみつピャンネル,UCcUs-I8au4Rehe-xTyo_EUA
ヒラ,UCmxAWbOvT8osBX_tGMVFVPA
"",""
HiROKi GAMES,UCtHFo5rZX0LpAvIWEX2ooNA
"TWINS/ツインズ,ツインズと夜更かし,にゃんねる","UC0JR9ZTJIvB9VX8xz7LyujA,UCA1V-lK7ZyuG2ipebclJ5Jg,UCb_CkUzhPsHXdrpQl9Zg5aA"
"怪盗PINKY,よしぴてゃん","UCRN_Yde2b5G1-5nEeIhcOTw,UCKDlYJVCj3Z-IWdItcmqusg"
PDRさんのマイクラ,UC1P4bhgX_7EdUAit3tLDF1g
"。ふぁるこんとめてお,ふぁるめての夏休み","UCSKDnQoP6LoyH9GK0mYThVA,UCNGLyQya2l58MXGHHmBt6gw"
ふうはや/サブチャンネル,UClOJPMU7J_toeIKYv1Aa8Mw
"Fate Games,Fateのサブチャンネル","UCmE4PWzOmGXz4eoYD_6jZ0g,UCwaKMOSBktUJ4dh1ELimj8w"
"",""
"ふくれな/fukurena,えむれなチャンネル,えむれなチャンネルセカンド","UCCuizDTLsr-mNm_PEGdChVg,UCdK3LnMrq1-4MZteb-v5i5g,UCfDraCf7NoQwHpOBRSwhmuQ"
わくわくプロジェクトチャンネル,UCxpPvd1GuFf9gpB5cFdsecA
"藤子さき,2藤子さき","UCSd_Cc6CpYRN4aCgesEgqxQ,UC7nNqERCWp6JgTWGq7RIulw"
プチプラのあやチャンネル,UCC_ElJAc9JrtkMm3zTTJ1_A
"いんちき姉妹。,いんちきさん。","UC9YGwNAnBTgDzOoyLlpVQdg,UC1_3OQb-X_bphsLsmNyvkhQ"
"ブライアンチャンネル,Brian Games","UCpZnHxjKCAOm-FKPrYYi-LA,UCu451KxefbOf2KPJd0M7iwA"
ブラックナイト山田,UCCC7cPlaraQtAVGph5hU4Xw
Pretz／実況うますぎ人間,UC_LS7mBxC0zL9Ot0gaU26Lw
"さんこいち,・さんこいちのサブ,古川優香","UCMOWCrRrcdSRT7dCR_dB7qA,UC9RbsxutGLpLLkYrI6irkYQ,UCm-m76oSXXj41CUxDwUeF4Q"
ぷろたんの日常動画,UCMixLkr2-Vch0toq-bYkmuw
"",""
日常箱,UC92ddxxI32pk-5ZDiQjJb6A
ポイズンスパイスdays仮,UC4rP0NRGlrxRIXNeO9xLR3w
"Fischer’s-セカンダリ-,peketan","UCs4KWxdP-lRc-dgLXE5i8Wg,UCp_Mk2uOS1j2_RbMjoGsImQ"
Belle,UCyEf6IlgRGx6-zbTEP80jYg
ぺんぺん,UCgpmBtbVmsfwqhU_pU5CA3g
"ウマズラビデオ,ウマヅラのワキ毛チャンネル","UCvral4FSI9dOOUV-yRloawA,UC1uHbAbleaXjfegbmFV9TVQ"
"ほしのこCH,じゅんたんCH","UCM_Ll26nXOkscq0YSpBmgyg,UCEbYfZcs04wkegIphcMPe_A"
ポッキー / サブチャンネル,UC82xOcBv3-Hu6ZIk-KZccDg
"歩乃華/Honoka,歩乃華のサブチャンネル","UCH7vgFKKDZcQkyPayyqMRJA,UCZF1mXM3ARXDv1ksjWiJtLQ"
ブチかまし,UCYs35nWy7aTUBA4w8LcSCjQ
"",""
"プリッとChannel,プリッ2","UCg9mwxF0uacG3Q4N91wo2TQ,UCwFPk397w7Dg5gi6vd-1Xcw"
ほんだのばいく,UC8pMBOI9vXf6fIM670vdIPw
"",""
"まあたそ,まあたその「ほぼメインチャンネル」","UCxlsYyeri8MOpap3w3JbWSQ,UC2656chrY5MdTQO2_II7yRg"
まぐにぃゲーム実況本館,UCMP7QuS4suoONg47Nbi-wrg
"ハイサイのゲーム実況,ハイサイ探偵団の休日,孫六 Shower TV [食バラエティ],まごしゃわさぶ","UCrq5Hcn6IiKqvyb8vTr0sbA,UClyvSlm-AkWi-OyuUZ9p6Rg,UCrGHxmvpzezwUaZX5pnzXDA,UCVieTZt4cqYWPpwIB2YUXwg"
"Fischer’s-セカンダリ-,MASAI.","UCs4KWxdP-lRc-dgLXE5i8Wg,UCt0UMsgH1q2Iq9mI9KFnsPA"
"ハイサイのゲーム実況,ハイサイ探偵団の休日","UCrq5Hcn6IiKqvyb8vTr0sbA,UClyvSlm-AkWi-OyuUZ9p6Rg"
"",""
"ましゅるむ,小部屋ましゅるむの","UC8dBPlnKodOG7eoPa9RuUFg,UC0LPgS1iEAjmOB6zIQtTRVw"
マシロンケーキ,UCIOikCxE_aIEbAiqmQk54tQ
"",""
マスゲン釣りチャンネル,UCwmAyvxNTirU4uaDxwoveDA
"MAX鈴木 TV,まっくすすずき35 TV","UCSoEDFXaMcHbAlWlduce2eg,UC4ACa27phCFtocv6Iv8gPeA"
星になった まつだ55,UC6DkavyBTGAWowL7XUwhGKg
"ZyonMana,ZyonMana Gaming,ZyonManaMini","UC5cDspT0XR1E3GpwVyOnwAA,UCyE43o9w2R2427Sb1FtNkhQ,UCEhLWMu8dXuyefEPqbMcIVQ"
"【レペゼン地球】公式,【レペゼン地球】曲チャンネル","UC3eTZ5Yld6qufD6rtEiERdw,UCxMLTQETeHIB2WGuTOG5wJA"
"まみこ部,まみこ部日誌,まみこ部ゲーム’s【GAME OVER】","UCgMckbqaWnWhpnUqH9Kk0BA,UCLmM2XPazY4oKoymcrBJwGw,UC2jtgNbEjbQEl5JyvZ2J2Dg"
"マミルトン,猫のシャルロッテ","UC0-H-XRuSPbDdPRmAnuzxSQ,UCKBSc3Sn-z1JRM_xNU5YNKg"
"MARIMO。（マリモ。）,サブチャンネルマリモ","UCdXjy8D4J8I6o5VKGMyHP3g,UCHuU17sU9G7nCNetufiJngA"
マリリン fukuse yuuri,UCmsA3A5_HKBwI9OktSttTFg
"",""
丸山礼チャンネル,UC0wwyS5MbDCdbLjbtOt0yew
"マーキュリー商事,2ndマーキュリー商事","UC31k7KPtTEsgty9lg5rxO1A,UCteyxLmgu9a6rVkfPUDp4eA"
"レイターズ,遅刻しないレイターズ,レイターズと一緒に遊ぼっ!!","UCdcyRKYuKnUr7dgs8ZkIzKg,UC9KTwzWIqhhfUu5UwciLtzg,UCQu9rfek5r5_sUlDPwy7t4Q"
"【レペゼン地球】公式,【レペゼン地球】曲チャンネル","UC3eTZ5Yld6qufD6rtEiERdw,UCxMLTQETeHIB2WGuTOG5wJA"
三浦TV（サブチャンネル）,UCxTuU_8IluatqhU3Pwpngjw
"美音（みおと/Mioto）,Mioto Game Channel","UCdtFmWwPlKiCOEND_95fwiA,UCv6c-wS-F8__GIgSEBqDaMA"
"みきお。,みきお。のサブチャンネル","UCnEt_KImHuLS-U8jXm5X0RA,UCBJN6f0g8vGVF1AT_9jlbAg"
"みさわ,みさわのサブチャン","UCxc0F7BSsl3d4V2aoietV9A,UCLKfi-8GJykpBNn0ROZWEqA"
三科光平,UCL-a2oIp9rekDc3Z79uTUPg
POTATO TV – couple –,UCoWXtx0aMvYILywj9IdmV7A
"みずにゃんちゃんねる,みずにゃんサブ","UCtOQj6_XsfQ_AAm6GGRYlYQ,UCUgKSk9MPaBRJz4V1nY6NBw"
"みっきーチャンネル,みっきーAfterSchool〝アフスク〟,みっきープレイルーム,みっきーさんのラジオ部屋","UCMyArXimoNAZjE1P2xLES7A,UC6GAb6pirSErBANYG9iTEig,UCzjnsYwe4eT24B0NmNGNRaQ,UCX0Z1DQf2yCDlm4aEEWETJw"
"プリッとChannel,プリッ2","UCg9mwxF0uacG3Q4N91wo2TQ,UCwFPk397w7Dg5gi6vd-1Xcw"
みのミュージック,UCDkAtIbVxd-1c_5vCohp2Ow
ミニみにきゅーとくら部,UC7RlRR_QwHr7jhataayMOOQ
"ヘンジンマジメ,ヘンマジの日記","UCa7T4-uTZ9G2OOfKeIcIf-A,UCmBbDn7EsU1atGFzwA9Y2Pw"
MIMEI LAND,UCRutxRBx4rteBZBwtSoJATg
みやかわくん,UCYEUxkdgQrgL-MzmLwRO_Ew
みやゆう,UCrUfBW0jCq2HNYCpvcW8mVw
"",""
ミルクティー飲みたい,UCliZ4UHWUq2Y3rWdjqekxsQ
"東海オンエアの控え室,動画アップロードチャンネル,虫眼鏡の放送部","UCynIYcsBwTrwBIecconPN2A,UC1xd0cAOryAMTTG34joEgdg,UCbSIiNFWbJCW8ERBbkNMfwQ"
"釣りよかHOUSE,釣りよか飯,げーむよかでしょう","UCD7-Ocp4InwPKzwiq_U-Abg,UCRT-74ovdMKOFBC96w_gfyQ,UCppjHa3U0tTB_0nRME0qHnA"
めがねっとわーく。,UC7fN-mbfjZVUo755gu-1VuQ
MEGWIN TV LAB,UCWKc_h8m97tvrjZ9rfgdhIA
"",""
"禁断ボーイズ,禁断の素人ゲーム実況","UCvtK7490fPF0TacbsvQ2H3g,UCgY7ZuKqLG_QSScSkPxe1NA"
"",""
"もえりんちゃんねる！,もえりんのサブチャンネル","UCMFDhI-zeWRzLMCdxFnlw9A,UClxQwMDivQlv4z5T_f1jYlw"
とある漢のチャンネルもこう,UCZFxcWJS1_iVIFETARRRHZQ
もちのアートエボ,UCCvh-_tuLrQzt5ousKhsvKg
Fischer’s-セカンダリ-,UCs4KWxdP-lRc-dgLXE5i8Wg
momona韓国留学生,UC83Hcn9IpAQaSMX9bWLxh6Q
"momo haha,ani haha","UCdgfRnpHeNFcJ_jtWFs4ydQ,UCyeh3wnN52YJ7emqgCzk4UQ"
"",""
"禁断ボーイズ,禁断の素人ゲーム実況","UCvtK7490fPF0TacbsvQ2H3g,UCgY7ZuKqLG_QSScSkPxe1NA"
"ハイサイのゲーム実況,ハイサイ探偵団の休日","UCrq5Hcn6IiKqvyb8vTr0sbA,UClyvSlm-AkWi-OyuUZ9p6Rg"
"さんこいち,・さんこいちのサブ,やっぴ先生の美容研究所","UCMOWCrRrcdSRT7dCR_dB7qA,UC9RbsxutGLpLLkYrI6irkYQ,UCG937GJ3sH_WLE06qGqwulg"
はじめしゃちょーの畑,UClKeJXipXwX7_ZGxOBnMQyw
"",""
"2すとりーと,週刊2すとりーと","UCKMPD3bU5jx_2zqtLqCuOdQ,UCc3xkqXcb4d7xAIclz4wzWA"
"",""
"ゆきや,ゆきやの隠れ家","UC-8H678xX1SNBOM10_ReY6Q,UCNl42623TU-WzWHoSY5vgmw"
"釣りよかHOUSE,釣りよか飯,げーむよかでしょう","UCD7-Ocp4InwPKzwiq_U-Abg,UCRT-74ovdMKOFBC96w_gfyQ,UCppjHa3U0tTB_0nRME0qHnA"
"ゆきりぬ,ゆきりぬえとせとら。","UCMsuwHzQPFMDtHaoR7_HDxg,UCCUUuxiedzRwJz1_na1zc1w"
ゆなちゃんねる,UCsTM1roCxoot1-03EO5zQxg
"東海オンエアの控え室,動画アップロードチャンネル,ゆめまる美術館","UCynIYcsBwTrwBIecconPN2A,UC1xd0cAOryAMTTG34joEgdg,UCevQsKO8q1XQcEA1BoBO2gA"
ゆんちゃんねる,UCWvHd19P7d1hy0Qx5O-P2Dg
"釣りよかHOUSE,釣りよか飯,げーむよかでしょう","UCD7-Ocp4InwPKzwiq_U-Abg,UCRT-74ovdMKOFBC96w_gfyQ,UCppjHa3U0tTB_0nRME0qHnA"
"よきき,よききのゲーム実況ちゃんねる","UCuA3GbcPjRPesHaeRIvfIIQ,UCcamd33faQQvl9YlGoyqmVQ"
"",""
"ヘンジンマジメ,ヘンマジの日記","UCa7T4-uTZ9G2OOfKeIcIf-A,UCmBbDn7EsU1atGFzwA9Y2Pw"
"",""
"YoshidaAkari,アカリン家 （あかりんち）","UCNIwy_Q7EjUxLlsewfuhjgg,UCOsxEgfXu6Z8flRHn04yf5g"
"よしなま,自由なよしなま","UCEnkd5D-53MDGpgpiQRbUqw,UCqye-Ew9orx1bP1VeKwAIhw"
"メトロンブログ,シティネス[City_Nest]","UCZWyZ5L_MVBCcB8vmkspb8A,UCPMII4VKN0MdyUdn9969n-g"
"ハイサイのゲーム実況,ハイサイ探偵団の休日","UCrq5Hcn6IiKqvyb8vTr0sbA,UClyvSlm-AkWi-OyuUZ9p6Rg"
"ボンボンTV,ボンボンTVの日常,キッズボンボン ","UC6VSFaHYbR-bhNer7DXxGNQ,UCIU_1WDzifvGu16qzFcKAEA,UCFRbBdmVBHA7PeAuctRx1rQ"
"ヘンジンマジメ,ヘンマジの日記","UCa7T4-uTZ9G2OOfKeIcIf-A,UCmBbDn7EsU1atGFzwA9Y2Pw"
"いじりネタ系ホモよりひと,よりひと九州オンエアの控え室","UC3Ysc5vmMFFKdUijrZcs5IQ,UCUujrzGEQhYmevPXYwYK1JQ"
"釣りよかHOUSE,釣りよか飯,げーむよかでしょう","UCD7-Ocp4InwPKzwiq_U-Abg,UCRT-74ovdMKOFBC96w_gfyQ,UCppjHa3U0tTB_0nRME0qHnA"
"ライバロリ,原田バロリ","UCSdExItCszcnIp-roT7b0kw,UCFonAazmxOCc5sl9UiIkilg"
大食いらすかる,UCQUdNis13Y2bXiV7fssSNCg
ラッシー / LASSIE,UC4bSJdI2RTNSld1_M_liO0w
"ラファエル Raphael,ラファエルサブチャンネル,ラファエルゲーム,ラファエル・クッキングRaphael cooking","UCgQgMOBZOJ1ZDtCZ4hwP1uQ,UCtvDKClInpoJrgT-7ZYfWWQ,UCy2LfS0YNOOj5SRFjCrbIXA,UCFTjuhSe0OwwfxeI8qJjpJQ"
ラブ川食堂,UCLCdKWiUUKPV016JHjVuMsQ
らむめろ,UCB2rI-MqXMh9WBjb5jTBPFA
"La-kun FACTORY ch,らーくん2ndちゃんねる","UCA_lBmiUBqHN1CZaskcMiDQ,UC-ct634u3NjZMqw82hkCEKQ"
2ndアバンティーズ,UCE1Egv5ioKZKQWBg9w1YyNA
"",""
"さんこいち,・さんこいちのサブ,ほりえりく","UCMOWCrRrcdSRT7dCR_dB7qA,UC9RbsxutGLpLLkYrI6irkYQ,UCaZptJUdR8t0gPIu0kZJL0w"
"ボンボンTV,ボンボンTVの日常,キッズボンボン ","UC6VSFaHYbR-bhNer7DXxGNQ,UCIU_1WDzifvGu16qzFcKAEA,UCFRbBdmVBHA7PeAuctRx1rQ"
"りなてぃん,りなてぃん・ほくてぃんカップル","UCehRGQqa8b7Sm85l0iTYr3g,UCV6E6m_WZZpLIcOKU88dGVw"
"STスタジオ,STゲームスタジオ,STスタジオの楽屋","UCTZT_Lm9vlqNR0eZMO_nLYQ,UCmcDslUdKX94z1FhVb9MLhw,UCtliRLoTilgG-_SCwLJGJnQ"
"東海オンエアの控え室,動画アップロードチャンネル","UCynIYcsBwTrwBIecconPN2A,UC1xd0cAOryAMTTG34joEgdg"
"マーキュリー商事,2ndマーキュリー商事","UC31k7KPtTEsgty9lg5rxO1A,UCteyxLmgu9a6rVkfPUDp4eA"
こもれびちゃんねる,UCjBt6WpPI_jXslSTqFRPnZw
"NOBLEMAN[ノーブルマン],NOBLEMANの裏垢","UCSHc05m3seGiDBH6ZChd1xA,UCQmK3pMRaG3OzWefTvXcD8w"
ブチかまし,UCYs35nWy7aTUBA4w8LcSCjQ
"るぅきぃ夫婦,るぅきぃサブ","UC01H1jIT41AtOOj2T5YG3IA,UC8Lwy1hf6kt39oAdgvOfiAA"
るーまえ,UCuvtzqgu0ZNg0bXxmyDUjOg
"ましゅるむ,小部屋ましゅるむの","UC8dBPlnKodOG7eoPa9RuUFg,UC0LPgS1iEAjmOB6zIQtTRVw"
"",""
"",""
"レンボチャンネル,ミンナチャンネル","UCNWDRw40nwa30HCnqCnt1rQ,UCfTrBu0ES0PrnwBDBOD4FAw"
6面ステーション2nd,UCs2j_RsRnPcHF8hiyXbmYEg
"ロシアン佐藤『おなかがすいたらMONSTER!』,Party Kitchen – パーティーキッチン","UCVP_Fma2_-BEKWYc79JVQDw,UCmpuIDDF9WL_w-MXYyZRzFg"
わかにゃん – 와카냥,UCMwVNrjkF5qyokwgepNkUVw
"よさこいバンキッシュ,よさこいの宴会場","UCG4fqU419F_vnBkIfSyR9Yg,UCF8q7OIhzDHQBWFSh8WXQDg"
"プリッとChannel,プリッ2","UCg9mwxF0uacG3Q4N91wo2TQ,UCwFPk397w7Dg5gi6vd-1Xcw"
"ワタナベマホト,ポンポンタイムズ仲間家","UC4Au2QrbfaSjHPSdk5tUBeg,UCD3zVcwD_KDNh0VV0hr-5Tg"
渡辺リサ,UCiD9NreGQb2zosj75gIYHsQ
和田さん。チャンネル,UCj77ylV0zetTGwztHbah33g
1D&ゆーぽん,UCqQ6BtItfK2FI3f4wubJmoA
"",""
Fischer’s-セカンダリ-,UCs4KWxdP-lRc-dgLXE5i8Wg
