YouTuberOtaku,https://youtuberotaku.com
ホーム,https://youtuberotaku.com
YouTuber一覧,https://youtuberotaku.com/youtuber-list
ニュース一覧,https://youtuberotaku.com/archives/category/%e3%83%8b%e3%83%a5%e3%83%bc%e3%82%b9%e8%a8%98%e4%ba%8b
YouTuberランキング,https://youtuberotaku.com/youtuber-ranking
公式Twitter,https://twitter.com/YouTuberOtaku__
お問い合わせ,https://youtuberotaku.com/contact
サイト運営者情報,https://youtuberotaku.com/information
暗号が隠れている動画,https://www.youtube.com/channel/UCTyETlzLKMRhqm8PIcvFQVw?view_as=subscriber
ホーム,https://youtuberotaku.com
プロフィール,https://youtuberotaku.com/archives/category/%e3%83%97%e3%83%ad%e3%83%95%e3%82%a3%e3%83%bc%e3%83%ab
  ツイート ,http://twitter.com/share?url=https%3A%2F%2Fyoutuberotaku.com%2Fyoutuber-list&text=youtuber%28%E3%83%A6%E3%83%BC%E3%83%81%E3%83%A5%E3%83%BC%E3%83%90%E3%83%BC%29%E4%B8%80%E8%A6%A7%EF%BD%9CYouTuberOtaku
  シェア ,http://www.facebook.com/share.php?u=https%3A%2F%2Fyoutuberotaku.com%2Fyoutuber-list&t=youtuber%28%E3%83%A6%E3%83%BC%E3%83%81%E3%83%A5%E3%83%BC%E3%83%90%E3%83%BC%29%E4%B8%80%E8%A6%A7%EF%BD%9CYouTuberOtaku
  はてブ ,http://b.hatena.ne.jp/add?mode=confirm&url=https%3A%2F%2Fyoutuberotaku.com%2Fyoutuber-list
  Google+ ,https://plus.google.com/share?url=https%3A%2F%2Fyoutuberotaku.com%2Fyoutuber-list
  Pocket ,http://getpocket.com/edit?url=https%3A%2F%2Fyoutuberotaku.com%2Fyoutuber-list&title=youtuber%28%E3%83%A6%E3%83%BC%E3%83%81%E3%83%A5%E3%83%BC%E3%83%90%E3%83%BC%29%E4%B8%80%E8%A6%A7%EF%BD%9CYouTuberOtaku
  LINE ,http://line.me/R/msg/text/?https%3A%2F%2Fyoutuberotaku.com%2Fyoutuber-list%0D%0Ayoutuber%28%E3%83%A6%E3%83%BC%E3%83%81%E3%83%A5%E3%83%BC%E3%83%90%E3%83%BC%29%E4%B8%80%E8%A6%A7%EF%BD%9CYouTuberOtaku
こちら,https://youtuberotaku.com/contact
こちら,https://youtuberotaku.com/contact
あ行,#smoothplay1
か行,#smoothplay2
さ行,#smoothplay3
た行,#smoothplay4
な行,#smoothplay5
は行,#smoothplay6
ま行,#smoothplay7
や行,#smoothplay8
ら行,#smoothplay9
わ行,#smoothplay10
ん行,#smoothplay11
あいたかはしくん,https://youtuberotaku.com/aitakahasikun-profile
あいり,https://youtuberotaku.com/airi-profile
赤髮のとも,https://youtuberotaku.com/akagaminotomo-profile
あかね（AK in カナダ）,https://youtuberotaku.com/akincanadaakane-profile
AKI,https://youtuberotaku.com/aki-profile
あこ（はらぺこツインズ）,https://youtuberotaku.com/akoharapeko-profile
あごキング（プリッとChannel）,https://youtuberotaku.com/puriagoking-profile
あさぎーにょ,https://youtuberotaku.com/asaginyo-profile
＠小豆（パオパオチャンネル）,https://youtuberotaku.com/komame-profile
あっくん（釣りいろは）,https://youtuberotaku.com/turiiroha-akkun
あっさりしょこ,https://youtuberotaku.com/assarisyoko-profile
＜あつし＞,https://youtuberotaku.com/atushi-profile
あっちゃん（あしあと）,https://youtuberotaku.com/attyanasiato-profile
渥美拓馬,https://youtuberotaku.com/atumitakumi-profile
兄貴（テラスパンパンス）,https://youtuberotaku.com/anikiterapan-profile
兄者（2BRO.）,https://youtuberotaku.com/anija-profile
アニキィ（ぽこにゃん）,https://youtuberotaku.com/anikilipoko-profile
ani haha,https://youtuberotaku.com/anihaha-profile
アネ五郎（あしあと）,https://youtuberotaku.com/anegorou-profile
アブ,https://youtuberotaku.com/abu-profile
あべし（ハイサイ探偵団）,https://youtuberotaku.com/haisaiabesi-profile
Ami（AmiBeautyTV）,https://youtuberotaku.com/amibeauty-profile
あやなん（しばなんチャンネル）,https://youtuberotaku.com/ayanan-profile
ayanonono,https://youtuberotaku.com/ayanonono-profile
池田真子,https://youtuberotaku.com/ikedamako-profile
伊沢拓司（QuizKnock）,https://youtuberotaku.com/izawa-profile
石丸（ポケットウィズ）,https://youtuberotaku.com/ishimaru-profile
いっくん（禁断ボーイズ）,https://youtuberotaku.com/ikkun-profile
いっち（釣りいろは）,https://youtuberotaku.com/turiirohaitti-profile
いっちー（ボンボンTV）,https://youtuberotaku.com/bonitti-profile
imiga,https://youtuberotaku.com/imiga-profile
否メンディー（ウマヅラビデオ）,https://youtuberotaku.com/inamendy-profile
ヴァンビVAMBI,https://youtuberotaku.com/vambi-profile
ウタエル,https://youtuberotaku.com/utaeru-profile
ウマヅラ（ウマヅラビデオ）,https://youtuberotaku.com/umadura-profile
エイジ（アバンティーズ）,https://youtuberotaku.com/eiji-profile
英翔（キットチャンネル）,https://youtuberotaku.com/eito-profile
えっちゃん（ボンボンTV）,https://youtuberotaku.com/ecchan-profile
エド,https://youtuberotaku.com/edo-profile
エマ,https://youtuberotaku.com/ema-profile
エミリン,https://youtuberotaku.com/emirin-profile
M君（えむれな）,https://youtuberotaku.com/mkun-profile
エリ（カズチャンネル）,https://youtuberotaku.com/eri-profile
A（AJ UNITED）,https://youtuberotaku.com/a-profile
大関れいか,https://youtuberotaku.com/osekireika-profile
オサム,https://youtuberotaku.com/osaminthinus-profile
お塩（ハイサイ探偵団）,https://youtuberotaku.com/haisaiosio-profile
Ojisan[おじぽん],https://youtuberotaku.com/ojisan-profile
オダケン,https://youtuberotaku.com/odaken-profile
おだんご（プリッとChannel）,https://youtuberotaku.com/puriodango-profile
おついち（2BRO.）,https://youtuberotaku.com/otuiti-profile
弟者（2BRO.）,https://youtuberotaku.com/otoja-profile
オナブタ（よさこいバンキッシュ）,https://youtuberotaku.com/onabuta-profile
おにさん（ポケットウィズ）,https://youtuberotaku.com/onisan-profile
御曹司（時代が俺に追いついたGames）,https://youtuberotaku.com/onzousi-profile
カイト,https://youtuberotaku.com/kaito-profile
会社員Aちゃん,https://youtuberotaku.com/kaisyainj-profile
ガイモン,https://youtuberotaku.com/gaimon-profile
かおる（かおる 카오루 TV）,https://youtuberotaku.com/kaoru-profile
かこ（はらぺこツインズ）,https://youtuberotaku.com/kakoharapeko-profile
カジサック,https://youtuberotaku.com/kazisakku-profile
カズ,https://youtuberotaku.com/kazu-profile
かすみ（いんちき姉妹）,https://youtuberotaku.com/kasumiintiki-profile
KAZUYA,https://youtuberotaku.com/kazuya-profile
ガッチマン,https://youtuberotaku.com/gatchiman-profile
勝亦博物館,https://youtuberotaku.com/katumatan-profile
かとみか,https://youtuberotaku.com/katomika-profile
奏太（キットチャンネル）,https://youtuberotaku.com/kanata-profile
かねこ（きまぐれクック）,https://youtuberotaku.com/kaneko-profile
かねこあや,https://youtuberotaku.com/kanekoaya-profile
華音,https://youtuberotaku.com/kanon-profile
カブキン,https://youtuberotaku.com/kabukin-profile
ガブリエル,https://youtuberotaku.com/gaburieru-profile
かめむし（レイターズ）,https://youtuberotaku.com/kamemusi-profile
かやくま,https://youtuberotaku.com/kayakuma-profile
かりん（POTATOかっぷる）,https://youtuberotaku.com/ringopotato-profile
カルマ,https://youtuberotaku.com/karuma-profile
カワグチジン（へきトラハウス）,https://youtuberotaku.com/kawagutijin-profile
河口まなぶ（LOVECARS!TV!）,https://youtuberotaku.com/kawaguchimanabu-profile
かわにしみき（みきぽん）,https://youtuberotaku.com/mikipon-profile
カンタ（水溜りボンド）,https://youtuberotaku.com/kanta-profile
きいち（るぅきぃ夫婦）,https://youtuberotaku.com/kilitirukili-profile
ぎこちゃん,https://youtuberotaku.com/gikochan-profile
きな（釣りいろは）,https://youtuberotaku.com/turiirohakina-profile
きぬ,https://youtuberotaku.com/kinu-profile
木下ゆうか,https://youtuberotaku.com/kinositayuka-profile
きむ（釣りよかでしょう。）,https://youtuberotaku.com/kimu-profile
キヨ（最終兵器俺達）,https://youtuberotaku.com/kiyo-profile
きょん（きょんくま）,https://youtuberotaku.com/kyon-profile
恭一郎,https://youtuberotaku.com/kyouitirou-profile
桐崎栄二,https://youtuberotaku.com/kirizakieizi-profile
きょうぺいちゃん,https://youtuberotaku.com/kyoupeichan-profile
きょーへい（STスタジオ）,https://youtuberotaku.com/kyohey-profile
きりたんぽ,https://youtuberotaku.com/kiritanpo-profile
キリン,https://youtuberotaku.com/kirin-profile
ぎんしゃむ（ヘンジンマジメ）,https://youtuberotaku.com/ginsyamuhenzin-profile
草彅剛（ユーチューバー 草彅チャンネル）,https://youtuberotaku.com/kusanagituyosi-profile
楠ろあ,https://youtuberotaku.com/kusunokiroa-profile
ぐにすけ,https://youtuberotaku.com/gunisuke-profile
久保田,https://youtuberotaku.com/kubota-profile
くま（きょんくま）,https://youtuberotaku.com/kuma-profile
くまみき/Kumamiki,https://youtuberotaku.com/kumamiki-profile
くらうんっ！,https://youtuberotaku.com/kuraunn-profile
クロノア,https://youtuberotaku.com/kuronekonoa-profile
クーニン,https://youtuberotaku.com/qoonin-profile
k2eizo,https://youtuberotaku.com/k2eizo-profile
kemio,https://youtuberotaku.com/kemio-profile
げんじ,https://youtuberotaku.com/genji-profile
コアラ（コアラ’s GAME SHOW）,https://youtuberotaku.com/koara-profile
こう（すずしょうと）,https://youtuberotaku.com/suzukou-profile
コウ（TWINS/ツインズ）,https://youtuberotaku.com/twinskou-profile
KOU（ノーブルマン）,https://youtuberotaku.com/kou-profile
ゴウキ,https://youtuberotaku.com/gouki-profile
こうじょうちょー,https://youtuberotaku.com/kouzyoucho-profile
kosuke,https://youtuberotaku.com/kosuke-profile
こなん,https://youtuberotaku.com/konan-profile
こばしり。,https://youtuberotaku.com/kobasiri-profile
こま,https://youtuberotaku.com/koma-profile
こみちん（ぽこにゃん）,https://youtuberotaku.com/komitinpoko-profile
古谷健太（ブチかまし）,https://youtuberotaku.com/butikoya-profile
小柳（夕闇に誘いし漆黒の天使達）,https://youtuberotaku.com/koyanagi-profile
コレコレ,https://youtuberotaku.com/korekore-profile
こんどうようぢ,https://youtuberotaku.com/kondouyoudi-profile
こーく,https://youtuberotaku.com/kooku-profile
こーすけ（最終兵器俺達）,https://youtuberotaku.com/kousuke-profile
CO-DA,https://youtuberotaku.com/coda-profile
こーだい（テラスパンパンス）,https://youtuberotaku.com/kodaiterapan-profile
Cody（JULIDY）,https://youtuberotaku.com/cody-profile
KOHEY,https://youtuberotaku.com/kohey-profile
SAKURA,https://youtuberotaku.com/sakura-profile
sasuke,https://youtuberotaku.com/sasukemaido-profile
Sasuke（プリッとChannel）,https://youtuberotaku.com/purisasuke-profile
さぁや,https://youtuberotaku.com/saaya-profile
サイヤマングレート,https://youtuberotaku.com/saiyamangu-profile
サイバーマン（レイターズ）,https://youtuberotaku.com/siberman-profile
ザカオ（フィッシャーズ）,https://youtuberotaku.com/zakao-profile
サカナギ（6面ステーション）,https://youtuberotaku.com/sakanagi-profile
桜　稲垣早希,https://youtuberotaku.com/sakurainagaki-profile
サグワ,https://youtuberotaku.com/saguwa-profile
sasakiasahi,https://youtuberotaku.com/sasakiasahi-profile
さとちん,https://youtuberotaku.com/satotin-profile
さとみ,https://youtuberotaku.com/satomi-profile
さとるん（レイターズ）,https://youtuberotaku.com/satrun-profile
さとん（ポケットウィズ）,https://youtuberotaku.com/saton-profile
サヤ,https://youtuberotaku.com/saya-profile
サラ,https://youtuberotaku.com/sara-profile
336（ハイサイ探偵団）,https://youtuberotaku.com/haisai336-profile
三年食太郎,https://youtuberotaku.com/sannensyokutarou-profile
椎名あつみ,https://youtuberotaku.com/siinaatumi-profile
ジェットダイスケ,https://youtuberotaku.com/jetdaisuke-profile
ジェニー,https://youtuberotaku.com/jenni-profile
J（ノーブルマン）,https://youtuberotaku.com/j-profile
しおね,https://youtuberotaku.com/shione-profile
SIT/シット,https://youtuberotaku.com/sit-profile
死神,https://youtuberotaku.com/sinigaminosu-profile
しばしゅん（テラスパンパンス）,https://youtuberotaku.com/sibasyunterapan-profile
シバター,https://youtuberotaku.com/sibataa-profile
しばゆー（東海オンエア・しばなんチャンネル）,https://youtuberotaku.com/sibayu-profile
渋谷ジャパン（おるたな）,https://youtuberotaku.com/sibuyajapan-profile
しま（釣りいろは）,https://youtuberotaku.com/turiirohashima-profile
しもD（6面ステーション）,https://youtuberotaku.com/shimod-profile
じゃぱぱ（JPAPA CHANNEL）,https://youtuberotaku.com/jpapa-profile
syamu,https://youtuberotaku.com/syamu-profile
じゅえりー,https://youtuberotaku.com/jewelrry-profile
樹海（AJ UNITED）,https://youtuberotaku.com/zyukai-profile
ジュキヤ,https://youtuberotaku.com/jukiya-profile
しゅなたん,https://youtuberotaku.com/syunatan-profile
朱梨（あしあと）,https://youtuberotaku.com/syuriasiato-profile
Julia（JULIDY）,https://youtuberotaku.com/julia-profile
jun（テラスパンパンス）,https://youtuberotaku.com/junterapan-profile
じゅんたん,https://youtuberotaku.com/zyuntan-profile
しゅーや,https://youtuberotaku.com/syuuya-profile
JOY（ハイサイ探偵団）,https://youtuberotaku.com/haisaijoy-profile
しょう（すずしょうと）,https://youtuberotaku.com/syou-profile
しょうじ,https://youtuberotaku.com/syouji-profile
しょうちゃん（プリッとChannel）,https://youtuberotaku.com/purisyouchan-profile
上皇（テラスパンパンス）,https://youtuberotaku.com/zyonoterapan-profile
Zyon（ZyonMana）,https://youtuberotaku.com/zyonmanazyon-profile
ジョンレノ,https://youtuberotaku.com/jonreno-profile
ジョー（ジョーブログ）,https://youtuberotaku.com/joblog-profile
ジョージ（JJコンビ）,https://youtuberotaku.com/joji-profile
シルクロード（フィッシャーズ）,https://youtuberotaku.com/sirukuload-profile
SHIROA,https://youtuberotaku.com/shiroa-profile
ジロー（JJコンビ）,https://youtuberotaku.com/jiro-profile
新立美香/mika shindate,https://youtuberotaku.com/mikashindate-profile
☆イニ☆（スカイピース）,https://youtuberotaku.com/inizin-profile
すしらーめんりく,https://youtuberotaku.com/riku-profile
SUSURU,https://youtuberotaku.com/susuru-profile
鈴川絢子,https://youtuberotaku.com/suzukawaayako-profile
すず（すずしょうと）,https://youtuberotaku.com/suzu-profile
ステップ（よさこいバンキッシュ）,https://youtuberotaku.com/step-profile
Supaga,https://youtuberotaku.com/supaga-profile
スン（釣りいろは）,https://youtuberotaku.com/turiirohasun-profile
超めてお,https://youtuberotaku.com/meteo-profile
セイキン,https://youtuberotaku.com/seikin-profile
Seiji＠きたくぶ,https://youtuberotaku.com/seijikitakubu-profile
整形アイドル轟ちゃん,https://youtuberotaku.com/seikeitodoroki-profile
関根理沙/SekineRisa,https://youtuberotaku.com/sekinerisa-profile
瀬戸弘司,https://youtuberotaku.com/setokoji-profile
せろりんね,https://youtuberotaku.com/serorinne-profile
ぜんいち（まいぜんシスターズ）,https://youtuberotaku.com/zeniti-profile
ぜんまい（まいぜんシスターズ）,https://youtuberotaku.com/zenmai-profile
せーぎ（STスタジオ）,https://youtuberotaku.com/seegi-profile
総長ウララ,https://youtuberotaku.com/souchouurara-profile
相馬トランジスタ（へきトラハウス）,https://youtuberotaku.com/souma-profile
そらちぃ（アバンティーズ）,https://youtuberotaku.com/soratyi-profile
そわんわん,https://youtuberotaku.com/sowanwan-profile
だいき（STスタジオ）,https://youtuberotaku.com/daiki-profile
Daichi,https://youtuberotaku.com/daichi-profile
だいちぃ（はじめしゃちょーの畑）,https://youtuberotaku.com/daichii-profile
たいぽん,https://youtuberotaku.com/taipon-profile
たかねん,https://youtuberotaku.com/takanen-profile
たくっち,https://youtuberotaku.com/takutti-profile
Takuya（よかろうもん）,https://youtuberotaku.com/takuyayokaroumon-profile
武ｃ（ハイサイ探偵団）,https://youtuberotaku.com/haisaitakec-profile
タケヤキ翔,https://youtuberotaku.com/takeyaki-profile
たこらいす,https://youtuberotaku.com/takoraisu-profile
ダチョー,https://youtuberotaku.com/dacho-profile
たつき（STスタジオ）,https://youtuberotaku.com/tatuki-profile
たっくー（たっくーTV）,https://youtuberotaku.com/takkutv-profile
辰彦（テラスパンパンス）,https://youtuberotaku.com/tatuhikoterapan-profile
たつや/Tatsuya,https://youtuberotaku.com/tatsuya-profile
たつや（2すとりーと）,https://youtuberotaku.com/2tatsuya-profile
立山達規（ブチかまし）,https://youtuberotaku.com/butitateyama-profile
田中（禁断ボーイズ）,https://youtuberotaku.com/kintanaka-profile
たなっち（はじめしゃちょーの畑）,https://youtuberotaku.com/tanatti-profile
谷やん,https://youtuberotaku.com/taniyan-profile
たむちん,https://youtuberotaku.com/tamuchin-profile
多村銀次郎,https://youtuberotaku.com/tamuraginzirou-profile
ダンテ（PDSKabushikiGaisha）,https://youtuberotaku.com/dante-profile
たーぼー（STスタジオ）,https://youtuberotaku.com/taaboo-profile
ダーマ（フィッシャーズ）,https://youtuberotaku.com/daama-profile
だーまえ（るーまえ）,https://youtuberotaku.com/damae-profile
Chiaki,https://youtuberotaku.com/chiaki-profile
ちいめろ,https://youtuberotaku.com/tiimero-profile
ちはや,https://youtuberotaku.com/chihaya-profile
千葉（夕闇に誘いし漆黒の天使達）,https://youtuberotaku.com/tiba-profile
チバニャン（レペゼン地球）,https://youtuberotaku.com/tibanyan-profile
ちゃあ/chaa’s,https://youtuberotaku.com/chaa-profile
ちょめ,https://youtuberotaku.com/tyome-profile
TUTTI,https://youtuberotaku.com/tutti-profile
つちのこ,https://youtuberotaku.com/tutinoko-profile
つばさブロー,https://youtuberotaku.com/tubasaburo-profile
ツリメ（アバンティーズ）,https://youtuberotaku.com/turime-profile
つる兄（つるつるTV）,https://youtuberotaku.com/turuni-profile
つーぐー（ハイサイ探偵団）,https://youtuberotaku.com/haisaitugu-profile
つーばー（ハイサイ探偵団）,https://youtuberotaku.com/haisaituba-profile
てぃーみき,https://youtuberotaku.com/thiimiki-profile
DJ社長（レペゼン地球）,https://youtuberotaku.com/djshacho-profile
DJ銀太（レペゼン地球）,https://youtuberotaku.com/djginta-profile
DJふぉい（レペゼン地球）,https://youtuberotaku.com/djfoy-profile
DJまる（レペゼン地球）,https://youtuberotaku.com/djmaru-profile
テオくん（スカイピース）,https://youtuberotaku.com/teo-profile
デカキン,https://youtuberotaku.com/dekakin-profile
てつや（東海オンエア）,https://youtuberotaku.com/tetuya-profile
テレペガ,https://youtuberotaku.com/terepega-profile
てんちむ,https://youtuberotaku.com/tentimu-profile
店長（遊楽舎）,https://youtuberotaku.com/tentyouyuurakusya-profile
豆腐（あしあと）,https://youtuberotaku.com/touhuasiato-profile
とぎもち,https://youtuberotaku.com/togimoti-profile
とく（釣りいろは）,https://youtuberotaku.com/turiirohatoku-profile
とくちゃん（釣りよかでしょう。）,https://youtuberotaku.com/tokutyan-profile
としみつ（東海オンエア）,https://youtuberotaku.com/tosimitu-profile
トマトクン（はじめしゃちょーの畑）,https://youtuberotaku.com/tomatokun-profile
トミック,https://youtuberotaku.com/tomick-profile
トミー（水溜りボンド）,https://youtuberotaku.com/tomii-profile
トム（トムとマルクのゲーム実況）,https://youtuberotaku.com/tomu-profile
ともやん（夕闇に誘いし漆黒の天使達）,https://youtuberotaku.com/tomoyan-profile
とらいあんぐる,https://youtuberotaku.com/tryangle-profile
Draco,https://youtuberotaku.com/draco-profile
トラゾー,https://youtuberotaku.com/torazo-profile
どんぐり（プリッとChannel）,https://youtuberotaku.com/donguri-profile
ないとー（おるたな）,https://youtuberotaku.com/naito-profile
Naokiman,https://youtuberotaku.com/naokiman-profile
ナスD,https://youtuberotaku.com/nasud-profile
なっち,https://youtuberotaku.com/natti-profile
なっちゃん（ボンボンTV）,https://youtuberotaku.com/bonnachan-profile
ななと,https://youtuberotaku.com/nanato-profile
NANAMI（nanachannel）,https://youtuberotaku.com/nanachannel-profile
nami（Nami Channel）,https://youtuberotaku.com/namichannel-profile
奈良岡にこ,https://youtuberotaku.com/naraokaniko-profile
なる（ボンボンTV）,https://youtuberotaku.com/narubon-profile
Narumi Shikiya,https://youtuberotaku.com/narumishikiya-profile
新希咲乃,https://youtuberotaku.com/nikisakino-profile
にっち（夕闇に誘いし漆黒の天使達）,https://youtuberotaku.com/nitti-profile
にゃんたこ,https://youtuberotaku.com/nyantako-profile
ぬーん,https://youtuberotaku.com/nun-profile
ねお,https://youtuberotaku.com/neo-profile
ねが,https://youtuberotaku.com/nega-profile
ねこてん,https://youtuberotaku.com/nekoten-profile
のってん,https://youtuberotaku.com/notten-profile
ノリ（STスタジオ）,https://youtuberotaku.com/nori-profile
はいじぃ,https://youtuberotaku.com/haiji-profile
バイリンガールちか,https://youtuberotaku.com/bilingirl-profile
はじめしゃちょー,https://youtuberotaku.com/hajimesyacho-profile
はた（釣りよかでしょう。）,https://youtuberotaku.com/hata-profile
はつだ,https://youtuberotaku.com/hatuda-profile
はなお,https://youtuberotaku.com/hanao-profile
ばなな（三納物語）,https://youtuberotaku.com/banana-profile
ぱぷりか,https://youtuberotaku.com/papurika-profile
ハモレル,https://youtuberotaku.com/hamoreru-profile
はやしん（レイターズ）,https://youtuberotaku.com/hayashin-profile
はるあん,https://youtuberotaku.com/haruan-profile
はるおっｋ（ハイサイ探偵団）,https://youtuberotaku.com/haisaiharuok-profile
はるくん（北の打ち師達）,https://youtuberotaku.com/kitanoharukun-profile
バンディ,https://youtuberotaku.com/bandyi-profile
馬場海河,https://youtuberotaku.com/babakaiga-profile
日向結衣,https://youtuberotaku.com/hiugayui-profile
ヒカキン,https://youtuberotaku.com/hikakin-profile
ヒカリナ,https://youtuberotaku.com/hikarina-profile
ヒカル,https://youtuberotaku.com/hikaru-profile
ひっちゃん（ハイサイ探偵団）,https://youtuberotaku.com/haisaihichan-profile
ぴゃんみつ,https://youtuberotaku.com/pyanmitu-profile
ヒラ（最終兵器俺達）,https://youtuberotaku.com/hira-profile
Hiro（よかろうもん）,https://youtuberotaku.com/hiroyokaroumon-profile
HiROKi,https://youtuberotaku.com/ohiroki-profile
ひろむ（TWINS/ツインズ）,https://youtuberotaku.com/twinshiromu-profile
ピンキー,https://youtuberotaku.com/pinky-profile
PDR,https://youtuberotaku.com/pdr-profile
ふぁるこん超,https://youtuberotaku.com/farucon-profile
ふうはや,https://youtuberotaku.com/huuhaya-profile
Fate,https://youtuberotaku.com/fate-profile
ふぇると（北の打ち師達）,https://youtuberotaku.com/kitanoferuto-profile
ふくれな（えむれな）,https://youtuberotaku.com/hukurena-profile
フジ（最終兵器俺達）,https://youtuberotaku.com/fujikobo-profile
藤子さき,https://youtuberotaku.com/fujikosaki-profile
プチプラのあや,https://youtuberotaku.com/putipuraaya-profile
ふみか（いんちき姉妹）,https://youtuberotaku.com/humikaintiki-profile
ブライアン,https://youtuberotaku.com/buraian-profile
ブラックナイト山田,https://youtuberotaku.com/blacknightyamada-profile
ぷりっつ,https://youtuberotaku.com/pretz-profile
古川優香（さんこいち）,https://youtuberotaku.com/hurukawayuka-profile
ぷろたん,https://youtuberotaku.com/purotan-profile
ぶんけい（パオパオチャンネル）,https://youtuberotaku.com/bunkei-profile
ぺいんと,https://youtuberotaku.com/peint-profile
へきほー（へきトラハウス）,https://youtuberotaku.com/hekiho-profile
ぺけたん（フィッシャーズ）,https://youtuberotaku.com/peketan-profile
Belle,https://youtuberotaku.com/belle-profile
ぺんぺん,https://youtuberotaku.com/penpen-profile
ベーコン（ウマヅラビデオ）,https://youtuberotaku.com/becon-profile
ほしのこ,https://youtuberotaku.com/hoshinoko-profile
ポッキー,https://youtuberotaku.com/pokki-profile
歩乃華,https://youtuberotaku.com/honoka-profile
ほまれ（ブチかまし）,https://youtuberotaku.com/butihomare-profile
ポルンガ,https://youtuberotaku.com/porunga-profile
ポロシャツ（プリッとChannel）,https://youtuberotaku.com/puriporosyatu-profile
本田翼,https://youtuberotaku.com/hondatubasa-profile
ポークマン（つるつるTV）,https://youtuberotaku.com/pokuman-profile
まあたそ,https://youtuberotaku.com/maataso-profile
まぐにぃ,https://youtuberotaku.com/magunii-profile
孫六（ハイサイ探偵団）,https://youtuberotaku.com/haisaimagoroku-profile
マサイ（フィッシャーズ）,https://youtuberotaku.com/masai-profile
マサックス（ハイサイ探偵団）,https://youtuberotaku.com/haisaimasax-profile
Masaru（よかろうもん）,https://youtuberotaku.com/masaruyokaroumon-profile
ましゅ（ましゅるむ）,https://youtuberotaku.com/masyu-profile
マシロンケーキ,https://youtuberotaku.com/masironcake-profile
マスオ,https://youtuberotaku.com/masuo-profile
マスゲン,https://youtuberotaku.com/masugen-profile
MAX鈴木,https://youtuberotaku.com/maxsuzuki-profile
まつだ55,https://youtuberotaku.com/matuda55-profile
Mana（ZyonMana）,https://youtuberotaku.com/zyonmanamana-profile
マネージャー脇（レペゼン地球）,https://youtuberotaku.com/mwaki-profile
まみこ,https://youtuberotaku.com/mamiko-profile
マミルトン,https://youtuberotaku.com/mamiruton-profile
MARIMO。,https://youtuberotaku.com/marimo-profile
マリリン fukuse yuuri,https://youtuberotaku.com/maririn-profile
マルク（トムとマルクのゲーム実況）,https://youtuberotaku.com/maruku-profile
丸山礼,https://youtuberotaku.com/maruyamarei-profile
マーキュリー（マーキュリー商事）,https://youtuberotaku.com/makyuri-profile
まーちん（レイターズ）,https://youtuberotaku.com/maatin-profile
卍ジェニファー卍（レペゼン地球）,https://youtuberotaku.com/jenifer-profile
三浦TV,https://youtuberotaku.com/miuratv-profile
美音,https://youtuberotaku.com/mioto-profile
みきお。,https://youtuberotaku.com/mikio-profile
みさわ,https://youtuberotaku.com/misawa-profile
三科光平,https://youtuberotaku.com/misinakohei-profile
みずと（POTATOかっぷる）,https://youtuberotaku.com/mizutopotato-profile
みずにゃん,https://youtuberotaku.com/mizunyan-profile
みっきー,https://youtuberotaku.com/mikki-profile
三戸先生（プリッとChannel）,https://youtuberotaku.com/purimitosensei-profile
みの,https://youtuberotaku.com/mino-profile
みのりん（みにきゅーとくら部）,https://youtuberotaku.com/minicuteclub-profile
みぽたぽた（ヘンジンマジメ）,https://youtuberotaku.com/mipotapotahenzin-profile
mimei,https://youtuberotaku.com/mimei-profile
みやかわくん,https://youtuberotaku.com/miyakawa-profile
みやゆう,https://youtuberotaku.com/miyayuu-profile
ミラクルぐっち,https://youtuberotaku.com/mirakurugutti-profile
ミルクティー飲みたい,https://youtuberotaku.com/milktea-profile
虫眼鏡（東海オンエア）,https://youtuberotaku.com/musimegane-profile
むねお（釣りよかでしょう。）,https://youtuberotaku.com/muneo-profile
めがね,https://youtuberotaku.com/meganetto-profile
MEGWIN,https://youtuberotaku.com/megwin-profile
めぐみ,https://youtuberotaku.com/megumich-profile
メサイア（禁断ボーイズ）,https://youtuberotaku.com/mesaia-profile
メンタリストDaiGo,https://youtuberotaku.com/mental-profile
もえりん,https://youtuberotaku.com/moerin-profile
もこう,https://youtuberotaku.com/mokou-profile
もち,https://youtuberotaku.com/moti-profile
モトキ（フィッシャーズ）,https://youtuberotaku.com/motoki-profile
momona韓国留学生,https://youtuberotaku.com/momonakorea-profile
momo haha,https://youtuberotaku.com/momohaha-profile
もるさん,https://youtuberotaku.com/morusan-profile
モーリー（禁断ボーイズ）,https://youtuberotaku.com/moorii-profile
もーりー（ハイサイ探偵団）,https://youtuberotaku.com/haisaimori-profile
やっぴ（さんこいち）,https://youtuberotaku.com/yappi-profile
やふへゐ（はじめしゃちょーの畑）,https://youtuberotaku.com/yahuhei-profile
やま猫＠きたくぶ,https://youtuberotaku.com/yamaneko-profile
ゆうき（2すとりーと）,https://youtuberotaku.com/2yuuki-profile
Yudai（よかろうもん）,https://youtuberotaku.com/yudaiyokaroumon-profile
ゆきや,https://youtuberotaku.com/yukiya-profile
ゆきゆき（釣りよかでしょう。）,https://youtuberotaku.com/yukiyuki-profile
ゆきりぬ,https://youtuberotaku.com/yukirinu-profile
ゆな,https://youtuberotaku.com/yuna-profile
ゆめまる（東海オンエア）,https://youtuberotaku.com/yumemaru-profile
ゆん,https://youtuberotaku.com/yun-profile
ゆーぴー（釣りよかでしょう。）,https://youtuberotaku.com/yuupii-profile
よきき,https://youtuberotaku.com/yokiki-profile
よさこいバンキッシュ,https://youtuberotaku.com/yosakoi-profile
よしき（ヘンジンマジメ）,https://youtuberotaku.com/yosikihenzin-profile
よしさん（ぽこにゃん）,https://youtuberotaku.com/yosisanpoko-profile
吉田朱里,https://youtuberotaku.com/yoshidaakari-profile
よしなま,https://youtuberotaku.com/yosinama-profile
ヨッシー（メトロンブログ）,https://youtuberotaku.com/metron-profile
よったけ（ハイサイ探偵団）,https://youtuberotaku.com/haisaiyottake-profile
よっち（ボンボンTV）,https://youtuberotaku.com/bonyotti-profile
よねむら（ヘンジンマジメ）,https://youtuberotaku.com/yonemurahenzin-profile
よりひと,https://youtuberotaku.com/yorihito-profile
よーらい（釣りよかでしょう。）,https://youtuberotaku.com/yoorai-profile
ライバロリ,https://youtuberotaku.com/raibarori-profile
らすかる,https://youtuberotaku.com/rasukaru-profile
ラッシー / LASSIE,https://youtuberotaku.com/lassie-profile
ラファエル,https://youtuberotaku.com/rafaeru-profile
ラブ川,https://youtuberotaku.com/lovekawa-profile
らむめろ,https://youtuberotaku.com/ramumero-profile
La-kun/らーくん,https://youtuberotaku.com/lakun-profile
リクヲ（アバンティーズ）,https://youtuberotaku.com/rikuwo-profile
リッキー（つるつるTV）,https://youtuberotaku.com/ricky-profile
りっくん（さんこいち）,https://youtuberotaku.com/rikkun-profile
りっちゃん（ボンボンTV）,https://youtuberotaku.com/bonrichan-profile
りなてぃん,https://youtuberotaku.com/rinatyin-profile
りぼん（STスタジオ）,https://youtuberotaku.com/ribon-profile
りょう（東海オンエア）,https://youtuberotaku.com/ryou-profile
涼（マーキュリー商事）,https://youtuberotaku.com/makyuriryou-profile
凛（こもれびちゃんねる）,https://youtuberotaku.com/komorebichren-profile
リーくん（ノーブルマン）,https://youtuberotaku.com/rhee-profile
リーダー田中（ブチかまし）,https://youtuberotaku.com/butitanaka-profile
るい（るぅきぃ夫婦）,https://youtuberotaku.com/ruirulukili-profile
LUKA（るーまえ）,https://youtuberotaku.com/luka-profile
るむ（ましゅるむ）,https://youtuberotaku.com/rumu-profile
レオン,https://youtuberotaku.com/leongangu-profile
レトルト,https://youtuberotaku.com/retort-profile
レンボ,https://youtuberotaku.com/renbo-profile
6面（6面ステーション）,https://youtuberotaku.com/6men-profile
ロシアン佐藤,https://youtuberotaku.com/rosiansatou-profile
わかにゃん,https://youtuberotaku.com/wakanyan-profile
わきを（よさこいバンキッシュ）,https://youtuberotaku.com/wakio-profile
渡（プリッとChannel）,https://youtuberotaku.com/puriwata-profile
ワタナベマホト,https://youtuberotaku.com/mahoto-profile
渡辺リサ,https://youtuberotaku.com/watanaberisa-profile
和田さん。,https://youtuberotaku.com/wadaakane-profile
1D&ゆーぽん,https://youtuberotaku.com/yupon-profile
ヲタファ,https://youtuberotaku.com/wotafa-profile
ンダホ（フィッシャーズ）,https://youtuberotaku.com/ndaho-profile
こちら,https://youtuberotaku.com/contact
  ツイート ,http://twitter.com/share?url=https%3A%2F%2Fyoutuberotaku.com%2Fyoutuber-list&text=youtuber%28%E3%83%A6%E3%83%BC%E3%83%81%E3%83%A5%E3%83%BC%E3%83%90%E3%83%BC%29%E4%B8%80%E8%A6%A7%EF%BD%9CYouTuberOtaku
  シェア ,http://www.facebook.com/share.php?u=https%3A%2F%2Fyoutuberotaku.com%2Fyoutuber-list&t=youtuber%28%E3%83%A6%E3%83%BC%E3%83%81%E3%83%A5%E3%83%BC%E3%83%90%E3%83%BC%29%E4%B8%80%E8%A6%A7%EF%BD%9CYouTuberOtaku
  はてブ ,http://b.hatena.ne.jp/add?mode=confirm&url=https%3A%2F%2Fyoutuberotaku.com%2Fyoutuber-list
  Google+ ,https://plus.google.com/share?url=https%3A%2F%2Fyoutuberotaku.com%2Fyoutuber-list
  Pocket ,http://getpocket.com/edit?url=https%3A%2F%2Fyoutuberotaku.com%2Fyoutuber-list&title=youtuber%28%E3%83%A6%E3%83%BC%E3%83%81%E3%83%A5%E3%83%BC%E3%83%90%E3%83%BC%29%E4%B8%80%E8%A6%A7%EF%BD%9CYouTuberOtaku
  LINE ,http://line.me/R/msg/text/?https%3A%2F%2Fyoutuberotaku.com%2Fyoutuber-list%0D%0Ayoutuber%28%E3%83%A6%E3%83%BC%E3%83%81%E3%83%A5%E3%83%BC%E3%83%90%E3%83%BC%29%E4%B8%80%E8%A6%A7%EF%BD%9CYouTuberOtaku
プロフィール,https://youtuberotaku.com/archives/category/%e3%83%97%e3%83%ad%e3%83%95%e3%82%a3%e3%83%bc%e3%83%ab
コメントをキャンセル,/youtuber-list#respond
次の記事  あいたかはしくんのプロフィール ,https://youtuberotaku.com/aitakahasikun-profile
他の動画を見る,https://www.youtube.com/channel/UCKhZCTurTN2ShSXPOlztwhQ/featured
ニュース記事,https://youtuberotaku.com/archives/category/%e3%83%8b%e3%83%a5%e3%83%bc%e3%82%b9%e8%a8%98%e4%ba%8b
プロフィール,https://youtuberotaku.com/archives/category/%e3%83%97%e3%83%ad%e3%83%95%e3%82%a3%e3%83%bc%e3%83%ab
記事一覧,https://youtuberotaku.com/archives/category/all-list
syamu誘拐騒動を謝罪するも炎上！ ,https://youtuberotaku.com/archives/6600
はじめしゃちょーの畑にDJ社長が突撃ドッキリで大惨事？！ ,https://youtuberotaku.com/archives/6596
カズチャンネルがスターバックスのイベント中止で謝罪！なぜ中止になったのか？ ,https://youtuberotaku.com/archives/6589
レペゼン地球がAK-69とコラボでブチギレられる ,https://youtuberotaku.com/archives/6583
DJ社長ヒカキンの次は、はじめしゃちょーにニベアクリームを食べさせる ,https://youtuberotaku.com/archives/6579
他の動画を見る,https://www.youtube.com/channel/UCKhZCTurTN2ShSXPOlztwhQ/featured
他の動画を見る,https://www.youtube.com/channel/UCKhZCTurTN2ShSXPOlztwhQ/featured
 HOME,https://youtuberotaku.com/
公式Twitter,https://twitter.com/YouTuberOtaku__
お問い合わせ,https://youtuberotaku.com/contact
サイト運営者情報,https://youtuberotaku.com/information
"",#
